web-scraper-order,web-scraper-start-url,lien-fiche,lien-fiche-href,title,rue,adresse,web,creation,type,effectif,resume,activite-naf08
"1641926117-688","https://fr.kompass.com/a/informatique-et-internet/57/d/calvados/fr_25_14/page-3/","MME AURELIE LEVERRIER","https://fr.kompass.com/c/mme-aurelie-leverrier/fra06am32/","MME AURELIE LEVERRIER","5 RUE DE LA FRESNAYE","5 RUE DE LA FRESNAYE 

	                
	        14123 CORMELLES-LE-ROYAL","null","2019","Profession libérale","null","MME AURELIE LEVERRIER, est installée au 5 RUE DE LA FRESNAYE à Cormelles-le-royal (14123) dans le département du Calvados.



Cette société est une profession libérale fondée en 2019 sous le numéro 850497421 00014, recensée sous le naf : 

► Programmation informatique.","Programmation informatique (6201Z)
				Voir la classification Kompass"
"1641926264-737","https://fr.kompass.com/a/informatique-et-internet/57/d/calvados/fr_25_14/page-3/","LFF ENTERTAINMENT","https://fr.kompass.com/c/lff-entertainment/fra07x7xa/","LFF ENTERTAINMENT","RUE MICHEL D ORNANO","RUE MICHEL D ORNANO 

	                
	        14700 FALAISE","null","2021","SAS, société par actions simplifiée","null","La société LFF ENTERTAINMENT, est implantée à Falaise (RUE MICHEL D ORNANO) dans le département du Calvados.



Cette société est une societé anonyme par actions simplifiées fondée en 2021(SIRET : 899831382 00010), recensée sous le naf : 

► Programmation informatique.



La société LFF ENTERTAINMENT est dirigée par Luc Le Borgne (Directeur général)","Programmation informatique (6201Z)
				Voir la classification Kompass"
"1641926144-697","https://fr.kompass.com/a/informatique-et-internet/57/d/calvados/fr_25_14/page-3/","TEKNOO SOFTWARE","https://fr.kompass.com/c/teknoo-software/fra074s60/","TEKNOO SOFTWARE","161 RUE D AUGE","161 RUE D AUGE 

	                
	        14000 CAEN","null","2020","SAS, société par actions simplifiée","null","L'entreprise TEKNOO SOFTWARE, est implantée au 161 RUE D AUGE à Caen (14000) dans le département du Calvados.



Cette société est une societé anonyme par actions simplifiées fondée en 2020 ayant comme SIRET le numéro 890666985 00019, recensée sous le naf : 

► Programmation informatique.



La société TEKNOO SOFTWARE est dirigée par Richard Deloge (Président)","Programmation informatique (6201Z)
				Voir la classification Kompass"
"1641926138-695","https://fr.kompass.com/a/informatique-et-internet/57/d/calvados/fr_25_14/page-3/","KANTA","https://fr.kompass.com/c/kanta/fra071qh9/","KANTA","304 BD DES BELLES PORTES","304 BD DES BELLES PORTES 

	                
	        14200 HEROUVILLE-SAINT-CLAIR","null","2020","SAS, société par actions simplifiée","null","La compagnie KANTA, est implantée au 304 BD DES BELLES PORTES à Herouville-saint-clair (14200) dans le département du Calvados.



Cette société est une societé anonyme par actions simplifiées fondée en 2020 sous le numéro 889924320 00019, recensée sous le naf : 

► Programmation informatique.



La société KANTA est dirigée par Clément Lemariey (Président)","Programmation informatique (6201Z)
				Voir la classification Kompass"
"1641926165-704","https://fr.kompass.com/a/informatique-et-internet/57/d/calvados/fr_25_14/page-3/","MME LOLA DURAND","https://fr.kompass.com/c/mme-lola-durand/fra07pjph/","MME LOLA DURAND","96 RUE PASTEUR","96 RUE PASTEUR 

	                
	        14750 SAINT-AUBIN-SUR-MER","null","2021","Profession libérale","null","MME LOLA DURAND, est installée au 96 RUE PASTEUR à Saint-aubin-sur-mer (14750) dans le département du Calvados.



Cette société est une profession libérale fondée en 2021 ayant comme SIRET le numéro 897840211 00014, recensée sous le naf : 

► Portails Internet.","Portails Internet (6312Z)
				Voir la classification Kompass"
"1641926273-740","https://fr.kompass.com/a/informatique-et-internet/57/d/calvados/fr_25_14/page-3/","M KEVIN LEMARCHAND","https://fr.kompass.com/c/m-kevin-lemarchand/fra07pbmb/","M KEVIN LEMARCHAND","18 RUE JEAN-FRANCOIS CANIVET","18 RUE JEAN-FRANCOIS CANIVET 

	                
	        14540 GRENTHEVILLE","null","2021","Profession libérale","null","M KEVIN LEMARCHAND, est installé au 18 RUE JEAN-FRANCOIS CANIVET à Grentheville (14540) dans le département du Calvados.



Cette société est une profession libérale fondée en 2021 sous l'enregistrement 897783494 00015, recensée sous le naf : 

► Programmation informatique.","Programmation informatique (6201Z)
				Voir la classification Kompass"
"1641926192-713","https://fr.kompass.com/a/informatique-et-internet/57/d/calvados/fr_25_14/page-3/","ARNAUD & NICOLAS (HOOKI)","https://fr.kompass.com/c/arnaud-nicolas/fra077tna/","ARNAUD & NICOLAS
                                    HOOKI","210 CHEMIN DE L'EGLISE","210 CHEMIN DE L'EGLISE 

	                
	        14160 BRUCOURT","null","2020","SAS, société par actions simplifiée","null","La société ARNAUD & NICOLAS, est installée au 210 CHEMIN DE L'EGLISE à Brucourt (14160) dans le département du Calvados.



Cette société est une societé anonyme par actions simplifiées fondée en 2020 ayant comme SIRET le numéro 891580474 00015, recensée sous le naf : 

► Edition de logiciels applicatifs.



La société ARNAUD & NICOLAS est dirigée par Arnaud Lengele (Président)","Edition de logiciels applicatifs (5829C)
				Voir la classification Kompass"
"1641926261-736","https://fr.kompass.com/a/informatique-et-internet/57/d/calvados/fr_25_14/page-3/","SITACTUS","https://fr.kompass.com/c/sitactus/fra07abjk/","SITACTUS","L'ANGOTTIERE","L'ANGOTTIERE 

	                
	        14240 CAHAGNES","null","2020","SAS, société par actions simplifiée","null","L'entreprise SITACTUS, est installée à Cahagnes (L'ANGOTTIERE) dans le département du Calvados.



Cette société est une societé anonyme par actions simplifiées fondée en 2020 sous l'enregistrement 892325531 00010, recensée sous le naf : 

► Portails Internet.



La société SITACTUS est dirigée par Hugues JACQUETTE (Président)","Portails Internet (6312Z)
				Voir la classification Kompass"
"1641926102-683","https://fr.kompass.com/a/informatique-et-internet/57/d/calvados/fr_25_14/page-3/","JURIDIQUEMENT WEB","https://fr.kompass.com/c/juridiquement-web/fra06q4q1/","JURIDIQUEMENT WEB","2420 RTE DE RUMESNIL 

	                LA COUR DU BERGER","2420 RTE DE RUMESNIL 

	                LA COUR DU BERGER 

	                
	        14340 CAMBREMER","null","2020","SAS, société par actions simplifiée","null","L'entreprise JURIDIQUEMENT WEB, est implantée au 2420 RTE DE RUMESNIL à Cambremer (14340) dans le département du Calvados.



Cette société est une societé anonyme par actions simplifiées fondée en 2020 ayant comme SIRET le numéro 885231332 00010, recensée sous le naf : 

► Programmation informatique.



La société JURIDIQUEMENT WEB est dirigée par Carine Vandenbergh (Président)","Programmation informatique (6201Z)
				Voir la classification Kompass"
"1641926235-727","https://fr.kompass.com/a/informatique-et-internet/57/d/calvados/fr_25_14/page-3/","M EMMANUEL BRETON-BELZ","https://fr.kompass.com/c/m-emmanuel-breton-belz/fra078fhk/","M EMMANUEL BRETON-BELZ","2 IMP DES ROQUERETS","2 IMP DES ROQUERETS 

	                
	        14500 VIRE-NORMANDIE","null","2020","Profession libérale","null","M EMMANUEL BRETON-BELZ, est installé au 2 IMP DES ROQUERETS à Vire-normandie (14500) dans le département du Calvados.



Cette société est une profession libérale fondée en 2020 sous le numéro 891785628 00027, recensée sous le naf : 

► Programmation informatique.","Programmation informatique (6201Z)
				Voir la classification Kompass"
"1641926147-698","https://fr.kompass.com/a/informatique-et-internet/57/d/calvados/fr_25_14/page-3/","SLH CONSULTING","https://fr.kompass.com/c/slh-consulting/fra07rxbr/","SLH CONSULTING","3 RUE DE LA VOUEDRE","3 RUE DE LA VOUEDRE 

	                
	        14920 MATHIEU","null","2021","Société à responsabilité limitée (sans autre indication)","null","La compagnie SLH CONSULTING, est implantée au 3 RUE DE LA VOUEDRE à Mathieu (14920) dans le département du Calvados.



Cette société est une société à responsabilité limitée (SARL) fondée en 2021 ayant comme SIRET le numéro 898542220 00014, recensée sous le naf : 

► Conseil en systèmes et logiciels informatiques.



La société SLH CONSULTING est dirigée par Laurent Heudron (Gérant)","Conseil en systèmes et logiciels informatiques (6202A)
				Voir la classification Kompass"
"1641926240-729","https://fr.kompass.com/a/informatique-et-internet/57/d/calvados/fr_25_14/page-3/","LL09","https://fr.kompass.com/c/ll09/fra07s7v5/","LL09","37 RTE DE LA BLANCHE MAISON COULVAIN","37 RTE DE LA BLANCHE MAISON COULVAIN 

	                
	        14310 SEULLINE","null","2021","Société à responsabilité limitée (sans autre indication)","null","L'entreprise LL09, est localisée au 37 RTE DE LA BLANCHE MAISON COULVAIN à Seulline (14310) dans le département du Calvados.



Cette société est une société à responsabilité limitée (SARL) fondée en 2021 sous l'enregistrement 898622303 00011, recensée sous le naf : 

► Programmation informatique.



La société LL09 est dirigée par Laurine Laignel (Gérant)","Programmation informatique (6201Z)
				Voir la classification Kompass"
"1641926105-684","https://fr.kompass.com/a/informatique-et-internet/57/d/calvados/fr_25_14/page-3/","ALEX COMMUNICATION","https://fr.kompass.com/c/alex-communication/fra06s3ml/","ALEX COMMUNICATION","26 AV DE THIES","26 AV DE THIES 

	                
	        14000 CAEN","null","2020","SAS, société par actions simplifiée","null","La compagnie ALEX COMMUNICATION, est installée au 26 AV DE THIES à Caen (14000) dans le département du Calvados.



Cette société est une societé anonyme par actions simplifiées fondée en 2020 sous l'enregistrement 887718799 00018, recensée sous le naf : 

► Conseil en systèmes et logiciels informatiques.



La société ALEX COMMUNICATION est dirigée par Alexis Cousyn (Président)","Conseil en systèmes et logiciels informatiques (6202A)
				Voir la classification Kompass"
"1641926303-750","https://fr.kompass.com/a/informatique-et-internet/57/d/calvados/fr_25_14/page-3/","JB TECH","https://fr.kompass.com/c/jb-tech/fra07s39b/","JB TECH","10 RUE DU CAMP FRANC","10 RUE DU CAMP FRANC 

	                
	        14100 LISIEUX","null","2021","Société à responsabilité limitée (sans autre indication)","null","La société JB TECH, est localisée au 10 RUE DU CAMP FRANC à Lisieux (14100) dans le département du Calvados.



Cette société est une société à responsabilité limitée (SARL) fondée en 2021 sous l'enregistrement 898556949 00011, recensée sous le naf : 

► Réparation d'ordinateurs et d'équipements périphériques.



La société JB TECH est dirigée par Pascal Koenig (Gérant)","Réparation d'ordinateurs et d'équipements périphériques (9511Z)
				Voir la classification Kompass"
"1641926210-719","https://fr.kompass.com/a/informatique-et-internet/57/d/calvados/fr_25_14/page-3/","M MACODOU DIENG","https://fr.kompass.com/c/m-macodou-dieng/fra06tafa/","M MACODOU DIENG","3 RUE DES JACOBINS","3 RUE DES JACOBINS 

	                
	        14000 CAEN","null","2020","Profession libérale","null","M MACODOU DIENG, est installé au 3 RUE DES JACOBINS à Caen (14000) dans le département du Calvados.



Cette société est une profession libérale fondée en 2020 sous l'enregistrement 888097516 00015, recensée sous le naf : 

► Programmation informatique.","Programmation informatique (6201Z)
				Voir la classification Kompass"
"1641926279-742","https://fr.kompass.com/a/informatique-et-internet/57/d/calvados/fr_25_14/page-3/","ONRIDE TECH, OT","https://fr.kompass.com/c/onride-tech/fra07rvsp/","ONRIDE TECH","82 RUE EUGENE COLAS","82 RUE EUGENE COLAS 

	                
	        14800 DEAUVILLE","null","2020","Société à responsabilité limitée (sans autre indication)","null","La compagnie ONRIDE TECH(OT), est implantée au 82 RUE EUGENE COLAS à Deauville (14800) dans le département du Calvados.



Cette société est une société à responsabilité limitée (SARL) fondée en 2020(SIRET : 882698723 00021), recensée sous le naf : 

► Programmation informatique.



La société ONRIDE TECH est dirigée par Roman Attali (Gérant)","Programmation informatique (6201Z)
				Voir la classification Kompass"
"1641926114-687","https://fr.kompass.com/a/informatique-et-internet/57/d/calvados/fr_25_14/page-3/","MME CECILE DUFOUR","https://fr.kompass.com/c/mme-cecile-dufour/fra06ccq1/","MME CECILE DUFOUR","24 RUE DES CANADIENS","24 RUE DES CANADIENS 

	                
	        14680 BRETTEVILLE-SUR-LAIZE","null","2009","Profession libérale","null","MME CECILE DUFOUR, est installée au 24 RUE DES CANADIENS à Bretteville-sur-laize (14680) dans le département du Calvados.



Cette société est une profession libérale fondée en 2009(SIRET : 511063976 00035), recensée sous le naf : 

► Portails Internet.","Portails Internet (6312Z)
				Voir la classification Kompass"
"1641926297-748","https://fr.kompass.com/a/informatique-et-internet/57/d/calvados/fr_25_14/page-3/","M SEBASTIEN BACON","https://fr.kompass.com/c/m-sebastien-bacon/fra07hsfr/","M SEBASTIEN BACON","1805 BD DU BOIS","1805 BD DU BOIS 

	                
	        14200 HEROUVILLE-SAINT-CLAIR","null","2007","Profession libérale","null","M SEBASTIEN BACON, est installé au 1805 BD DU BOIS à Herouville-saint-clair (14200) dans le département du Calvados.



Cette société est une profession libérale fondée en 2007 sous l'enregistrement 500590278 00031, recensée sous le naf : 

► Programmation informatique.","Programmation informatique (6201Z)
				Voir la classification Kompass"
"1641926141-696","https://fr.kompass.com/a/informatique-et-internet/57/d/calvados/fr_25_14/page-3/","WARE ID","https://fr.kompass.com/c/ware-id/fra06gh3r/","WARE ID","606 CHE DES BRUYERES","606 CHE DES BRUYERES 

	                
	        14370 ARGENCES","null","2020","SAS, société par actions simplifiée","null","La compagnie WARE ID, est localisée au 606 CHE DES BRUYERES à Argences (14370) dans le département du Calvados.



Cette société est une societé anonyme par actions simplifiées fondée en 2020 sous l'enregistrement 882889603 00016, recensée sous le naf : 

► Fabrication d'ordinateurs et d'équipements périphériques.



La société WARE ID est dirigée par Eric Otte (Président)","Fabrication d'ordinateurs et d'équipements périphériques (2620Z)
				Voir la classification Kompass"
"1641926312-753","https://fr.kompass.com/a/informatique-et-internet/57/d/calvados/fr_25_14/page-3/","NHP SERVICE","https://fr.kompass.com/c/nhp-service/fra07tfww/","NHP SERVICE","1 RUE DE LA COLOMBELLE","1 RUE DE LA COLOMBELLE 

	                
	        14620 FOURCHES","null","2021","Société à responsabilité limitée (sans autre indication)","null","L'entreprise NHP SERVICE, est localisée au 1 RUE DE LA COLOMBELLE à Fourches (14620) dans le département du Calvados.



Cette société est une société à responsabilité limitée (SARL) fondée en 2021 sous l'enregistrement 898994132 00014, recensée sous le naf : 

► Tierce maintenance de systèmes et d'applications informatiques.



La société NHP SERVICE est dirigée par Fleur Von Meyenfeldt (Gérant)","Tierce maintenance de systèmes et d’applications informatiques (6202B)
				Voir la classification Kompass"
"1641926123-690","https://fr.kompass.com/a/informatique-et-internet/57/d/calvados/fr_25_14/page-3/","MAXELIK","https://fr.kompass.com/c/maxelik/fra07cq8j/","MAXELIK","6 RUE DU PARADIS","6 RUE DU PARADIS 

	                
	        14100 LISIEUX","null","2021","SAS, société par actions simplifiée","null","La compagnie MAXELIK, est installée au 6 RUE DU PARADIS à Lisieux (14100) dans le département du Calvados.



Cette société est une societé anonyme par actions simplifiées fondée en 2021 sous le numéro 892943887 00018, recensée sous le naf : 

► Portails Internet.



La société MAXELIK est dirigée par Serge Badakou (Président)","Portails Internet (6312Z)
				Voir la classification Kompass"
"1641926285-744","https://fr.kompass.com/a/informatique-et-internet/57/d/calvados/fr_25_14/page-3/","M FLORIAN LE CUZIAT","https://fr.kompass.com/c/m-florian-le-cuziat/fra07j40p/","M FLORIAN LE CUZIAT","1 RUE RUE DES BOUVREUILS","1 RUE RUE DES BOUVREUILS 

	                
	        14940 SANNERVILLE","null","2020","Profession libérale","null","M FLORIAN LE CUZIAT, est installé au 1 RUE RUE DES BOUVREUILS à Sannerville (14940) dans le département du Calvados.



Cette société est une profession libérale fondée en 2020 sous le numéro 894277409 00013, recensée sous le naf : 

► Tierce maintenance de systèmes et d'applications informatiques.","Tierce maintenance de systèmes et d’applications informatiques (6202B)
				Voir la classification Kompass"
"1641926237-728","https://fr.kompass.com/a/informatique-et-internet/57/d/calvados/fr_25_14/page-3/","WEB DIGITAL","https://fr.kompass.com/c/web-digital/fra07464g/","WEB DIGITAL","21 RUE THERESE POTIER DE LA VARDE","21 RUE THERESE POTIER DE LA VARDE 

	                
	        14370 BELLENGREVILLE","null","2020","SAS, société par actions simplifiée","null","La compagnie WEB DIGITAL, est implantée au 21 RUE THERESE POTIER DE LA VARDE à Bellengreville (14370) dans le département du Calvados.



Cette société est une societé anonyme par actions simplifiées fondée en 2020(SIRET : 890514110 00018), recensée sous le naf : 

► Portails Internet.","Portails Internet (6312Z)
				Voir la classification Kompass"
"1641926282-743","https://fr.kompass.com/a/informatique-et-internet/57/d/calvados/fr_25_14/page-3/","DL3.10, DL3.10","https://fr.kompass.com/c/dl3-10/fra07gc82/","DL3.10","12 PL DE L'HOTEL DE VILLE AUNAY-SUR-OD","12 PL DE L'HOTEL DE VILLE AUNAY-SUR-OD 

	                
	        14260 LES MONTS D'AUNAY","null","2021","Société à responsabilité limitée (sans autre indication)","null","La société DL3.10(DL3.10), est installée au 12 PL DE L'HOTEL DE VILLE AUNAY-SUR-OD à Les Monts D'aunay (14260) dans le département du Calvados.



Cette société est une société à responsabilité limitée (SARL) fondée en 2021 sous l'enregistrement 893690321 00011, recensée sous le naf : 

► Conseil en systèmes et logiciels informatiques.



La société DL3.10 est dirigée par Guillaume Le Renard (Gérant)","Conseil en systèmes et logiciels informatiques (6202A)
				Voir la classification Kompass"
"1641926309-752","https://fr.kompass.com/a/informatique-et-internet/57/d/calvados/fr_25_14/page-3/","COBOT IT","https://fr.kompass.com/c/cobot-it/fra07r7kg/","COBOT IT","445 COTE DE LA FRESNAYE","445 COTE DE LA FRESNAYE 

	                
	        14600 PENNEDEPIE","null","2021","SAS, société par actions simplifiée","null","L'entreprise COBOT IT, est implantée au 445 COTE DE LA FRESNAYE à Pennedepie (14600) dans le département du Calvados.



Cette société est une societé anonyme par actions simplifiées fondée en 2021 sous le numéro 898306220 00010, recensée sous le naf : 

► Programmation informatique.



La société COBOT IT est dirigée par Jean Rauscher (Président)","Programmation informatique (6201Z)
				Voir la classification Kompass"
"1641926270-739","https://fr.kompass.com/a/informatique-et-internet/57/d/calvados/fr_25_14/page-3/","HEMETT, HEMETT","https://fr.kompass.com/c/hemett/fra07gzdz/","HEMETT","12 CHE DES COTEAUX","12 CHE DES COTEAUX 

	                
	        14123 FLEURY-SUR-ORNE","null","2021","Société à responsabilité limitée (sans autre indication)","null","L'entreprise HEMETT(HEMETT), est implantée au 12 CHE DES COTEAUX à Fleury-sur-orne (14123) dans le département du Calvados.



Cette société est une société à responsabilité limitée (SARL) fondée en 2021 ayant comme SIRET le numéro 893933671 00016, recensée sous le naf : 

► Fabrication de produits électroniques grand public.



La société HEMETT est dirigée par Guillaume Herbert (Gérant)","Fabrication de produits électroniques grand public (2640Z)
				Voir la classification Kompass"
"1641926156-701","https://fr.kompass.com/a/informatique-et-internet/57/d/calvados/fr_25_14/page-3/","CYBER-RESILIENCE CONSULTING","https://fr.kompass.com/c/cyber-resilience-consulting/fra070f4b/","CYBER-RESILIENCE CONSULTING","3 AV SAINT MICHEL","3 AV SAINT MICHEL 

	                
	        14390 CABOURG","null","2020","SAS, société par actions simplifiée","null","L'entreprise CYBER-RESILIENCE CONSULTING, est implantée au 3 AV SAINT MICHEL à Cabourg (14390) dans le département du Calvados.



Cette société est une societé anonyme par actions simplifiées fondée en 2020(SIRET : 889601605 00021), recensée sous le naf : 

► Conseil en systèmes et logiciels informatiques.



La société CYBER-RESILIENCE CONSULTING est dirigée par Laurent Heslault (Président)","Conseil en systèmes et logiciels informatiques (6202A)
				Voir la classification Kompass"
"1641926189-712","https://fr.kompass.com/a/informatique-et-internet/57/d/calvados/fr_25_14/page-3/","UNIMADE","https://fr.kompass.com/c/unimade/fra077vp2/","UNIMADE","30 AV DE GARBSEN","30 AV DE GARBSEN 

	                
	        14200 HEROUVILLE-SAINT-CLAIR","null","2020","SAS, société par actions simplifiée","null","La compagnie UNIMADE, est installée au 30 AV DE GARBSEN à Herouville-saint-clair (14200) dans le département du Calvados.



Cette société est une societé anonyme par actions simplifiées fondée en 2020(SIRET : 891613952 00011), recensée sous le naf : 

► Réparation d'ordinateurs et d'équipements périphériques.



La société UNIMADE est dirigée par Guillaume Pierson (Président)","Réparation d'ordinateurs et d'équipements périphériques (9511Z)
				Voir la classification Kompass"
"1641926129-692","https://fr.kompass.com/a/informatique-et-internet/57/d/calvados/fr_25_14/page-3/","M BENJAMIN HUREL","https://fr.kompass.com/c/m-benjamin-hurel/fra06g86w/","M BENJAMIN HUREL","3 RUE ANATOLE LELIEVRE","3 RUE ANATOLE LELIEVRE 

	                
	        14000 CAEN","null","2013","Profession libérale","null","M BENJAMIN HUREL, est installé au 3 RUE ANATOLE LELIEVRE à Caen (14000) dans le département du Calvados.



Cette société est une profession libérale fondée en 2013(SIRET : 799595277 00036), recensée sous le naf : 

► Programmation informatique.","Programmation informatique (6201Z)
				Voir la classification Kompass"
"1641926153-700","https://fr.kompass.com/a/informatique-et-internet/57/d/calvados/fr_25_14/page-3/","OBJECTIF RGPD","https://fr.kompass.com/c/objectif-rgpd/fra077nrm/","OBJECTIF RGPD","35 RUE CAMILLE BLAISOT","35 RUE CAMILLE BLAISOT 

	                
	        14210 EVRECY","null","2020","SAS, société par actions simplifiée","null","La société OBJECTIF RGPD, est localisée au 35 RUE CAMILLE BLAISOT à Evrecy (14210) dans le département du Calvados.



Cette société est une societé anonyme par actions simplifiées fondée en 2020 ayant comme SIRET le numéro 891553430 00010, recensée sous le naf : 

► Gestion d'installations informatiques.



La société OBJECTIF RGPD est dirigée par Gillian Le Brun (Président)","Gestion d'installations informatiques (6203Z)
				Voir la classification Kompass"
"1641926111-686","https://fr.kompass.com/a/informatique-et-internet/57/d/calvados/fr_25_14/page-3/","M BENOIT GUILLOUF","https://fr.kompass.com/c/m-benoit-guillouf/fra0786s3/","M BENOIT GUILLOUF","89 RUE SAINT JEAN","89 RUE SAINT JEAN 

	                
	        14000 CAEN","null","2020","Profession libérale","null","M BENOIT GUILLOUF, est installé au 89 RUE SAINT JEAN à Caen (14000) dans le département du Calvados.



Cette société est une profession libérale fondée en 2020(SIRET : 882939671 00013), recensée sous le naf : 

► Programmation informatique.","Programmation informatique (6201Z)
				Voir la classification Kompass"
"1641926180-709","https://fr.kompass.com/a/informatique-et-internet/57/d/calvados/fr_25_14/page-3/","LR-ID","https://fr.kompass.com/c/lr-id/fra06mzjw/","LR-ID","26 AV DE THIES 

	                PERICENTRE 3","26 AV DE THIES 

	                PERICENTRE 3 

	                
	        14000 CAEN","null","2020","SAS, société par actions simplifiée","null","L'entreprise LR-ID, est implantée au 26 AV DE THIES à Caen (14000) dans le département du Calvados.



Cette société est une societé anonyme par actions simplifiées fondée en 2020 ayant comme SIRET le numéro 884592460 00015, recensée sous le naf : 

► Programmation informatique.



La société LR-ID est dirigée par Laurent Roussel (Président)","Programmation informatique (6201Z)
				Voir la classification Kompass"
"1641926183-710","https://fr.kompass.com/a/informatique-et-internet/57/d/calvados/fr_25_14/page-3/","M ANTOINE LAME","https://fr.kompass.com/c/m-antoine-lame/fra075t1r/","M ANTOINE LAME","9 RUE CACHETTE","9 RUE CACHETTE 

	                
	        14740 THUE ET MUE","null","2016","Profession libérale","null","M ANTOINE LAME, est installé au 9 RUE CACHETTE à Thue Et Mue (14740) dans le département du Calvados.



Cette société est une profession libérale fondée en 2016 ayant comme SIRET le numéro 821391562 00021, recensée sous le naf : 

► Programmation informatique.","Programmation informatique (6201Z)
				Voir la classification Kompass"
"1641926174-707","https://fr.kompass.com/a/informatique-et-internet/57/d/calvados/fr_25_14/page-3/","EQUIBIZ","https://fr.kompass.com/c/equibiz/fra07672b/","EQUIBIZ","882 RTE DE BOURGEAUVILLE 

	                LES MANOIRS","882 RTE DE BOURGEAUVILLE 

	                LES MANOIRS 

	                
	        14950 GLANVILLE","null","2020","SAS, société par actions simplifiée","null","L'entreprise EQUIBIZ, est installée au 882 RTE DE BOURGEAUVILLE à Glanville (14950) dans le département du Calvados.



Cette société est une societé anonyme par actions simplifiées fondée en 2020(SIRET : 891133407 00017), recensée sous le naf : 

► Portails Internet.



La société EQUIBIZ est dirigée par Sébastien Desmontils (Président)","Portails Internet (6312Z)
				Voir la classification Kompass"
"1641926120-689","https://fr.kompass.com/a/informatique-et-internet/57/d/calvados/fr_25_14/page-3/","HEALTHESPORT","https://fr.kompass.com/c/healthesport/fra06h057/","HEALTHESPORT","2 RUE DU HOTTOT","2 RUE DU HOTTOT 

	                
	        14610 BASLY","null","2020","Société à responsabilité limitée (sans autre indication)","De 0 à 9 employés","L'entreprise HEALTHESPORT, est installée au 2 RUE DU HOTTOT à Basly (14610) dans le département du Calvados.



Cette société est une société à responsabilité limitée (SARL) fondée en 2020(SIRET : 883042392 00018), recensée sous le naf : 

► Conseil en systèmes et logiciels informatiques.



La société HEALTHESPORT est dirigée par David Dardennes (Gérant)","Conseil en systèmes et logiciels informatiques (6202A)
				Voir la classification Kompass"
"1641926291-746","https://fr.kompass.com/a/informatique-et-internet/57/d/calvados/fr_25_14/page-3/","SASU GROUPE KODII","https://fr.kompass.com/c/sasu-groupe-kodii/fra07sdzg/","SASU GROUPE KODII","8 CHE DE LA CROIX DE FER","8 CHE DE LA CROIX DE FER 

	                
	        14100 SAINT-DESIR","null","2021","SAS, société par actions simplifiée","null","L'entreprise SASU GROUPE KODII, est localisée au 8 CHE DE LA CROIX DE FER à Saint-desir (14100) dans le département du Calvados.



Cette société est une societé anonyme par actions simplifiées fondée en 2021(SIRET : 898687611 00019), recensée sous le naf : 

► Traitement de données, hébergement et activités connexes.



La société SASU GROUPE KODII est dirigée par Mohamed Menasria (Président)","Traitement de données, hébergement et activités connexes (6311Z)
				Voir la classification Kompass"
"1641926201-716","https://fr.kompass.com/a/informatique-et-internet/57/d/calvados/fr_25_14/page-3/","M ALEXIS CABARET","https://fr.kompass.com/c/m-alexis-cabaret/fra07n41p/","M ALEXIS CABARET","28 BD GEORGES POMPIDOU","28 BD GEORGES POMPIDOU 

	                
	        14000 CAEN","null","2021","Profession libérale","null","M ALEXIS CABARET, est installé au 28 BD GEORGES POMPIDOU à Caen (14000) dans le département du Calvados.



Cette société est une profession libérale fondée en 2021 sous l'enregistrement 897421939 00017, recensée sous le naf : 

► Conseil en systèmes et logiciels informatiques.","Conseil en systèmes et logiciels informatiques (6202A)
				Voir la classification Kompass"
"1641926231-726","https://fr.kompass.com/a/informatique-et-internet/57/d/calvados/fr_25_14/page-3/","EFFICUBE","https://fr.kompass.com/c/efficube/fra07rkt6/","EFFICUBE","28 AV DU SIX JUIN 

	                BATIMENT A","28 AV DU SIX JUIN 

	                BATIMENT A 

	                
	        14000 CAEN","null","2021","SAS, société par actions simplifiée","null","La compagnie EFFICUBE, est installée au 28 AV DU SIX JUIN à Caen (14000) dans le département du Calvados.



Cette société est une societé anonyme par actions simplifiées fondée en 2021 sous l'enregistrement 898442850 00019, recensée sous le naf : 

► Programmation informatique.","Programmation informatique (6201Z)
				Voir la classification Kompass"
"1641926171-706","https://fr.kompass.com/a/informatique-et-internet/57/d/calvados/fr_25_14/page-3/","M PHILIPPE DELOISON (PHD)","https://fr.kompass.com/c/m-philippe-deloison/fra073ha6/","M PHILIPPE DELOISON
                                    PHD","2 AV GEORGES POMPIDOU 

	                VIRE - APPARTEMENT 10","2 AV GEORGES POMPIDOU 

	                VIRE - APPARTEMENT 10 

	                
	        14500 VIRE-NORMANDIE","null","1988","Artisan-commerçant","null","L'entreprise M PHILIPPE DELOISON, est installée au 2 AV GEORGES POMPIDOU à Vire-normandie (14500) dans le département du Calvados.



Cet artisan-commerçant fondé en 1988(SIRET : 348296161 00063), est recensé sous le naf : 

► Réparation d'ordinateurs et d'équipements périphériques.","Réparation d'ordinateurs et d'équipements périphériques (9511Z)
				Voir la classification Kompass"
"1641926219-722","https://fr.kompass.com/a/informatique-et-internet/57/d/calvados/fr_25_14/page-3/","CINEVERSE","https://fr.kompass.com/c/cineverse/fra07svjs/","CINEVERSE","9 CHE DU CLOS JOLI","9 CHE DU CLOS JOLI 

	                
	        14740 ROSEL","null","2020","Association déclarée","null","L'Association CINEVERSE est localisée au 9 CHE DU CLOS JOLI à Rosel (14740) dans le département du Calvados.



Cette association loi 1901 ou assimilé fondée en 2020 sous le numéro 898831151 00011, recensée sous le naf : 

► Portails Internet.","Portails Internet (6312Z)
				Voir la classification Kompass"
"1641926267-738","https://fr.kompass.com/a/informatique-et-internet/57/d/calvados/fr_25_14/page-3/","MA MAISON SAS","https://fr.kompass.com/c/ma-maison-sas/fra06q9q1/","MA MAISON SAS","55 RUE D'HASTINGS","55 RUE D'HASTINGS 

	                
	        14000 CAEN","null","2020","SAS, société par actions simplifiée","null","La société MA MAISON SAS, est installée au 55 RUE D'HASTINGS à Caen (14000) dans le département du Calvados.



Cette société est une societé anonyme par actions simplifiées fondée en 2020 ayant comme SIRET le numéro 885305300 00018, recensée sous le naf : 

► Conseil en systèmes et logiciels informatiques.



La société MA MAISON SAS est dirigée par Jérôme Cosniam (Président)","Conseil en systèmes et logiciels informatiques (6202A)
				Voir la classification Kompass"
"1641926343-763","https://fr.kompass.com/a/informatique-et-internet/57/d/calvados/fr_25_14/page-3/","YASAM CONSULT","https://fr.kompass.com/c/yasam-consult/fra080c5w/","YASAM CONSULT","16 RUE DE LA VALETTE","16 RUE DE LA VALETTE 

	                
	        14630 FRENOUVILLE","null","2020","SAS, société par actions simplifiée","null","La compagnie YASAM CONSULT, est implantée au 16 RUE DE LA VALETTE à Frenouville (14630) dans le département du Calvados.



Cette société est une societé anonyme par actions simplifiées fondée en 2020 sous l'enregistrement 888107935 00023, recensée sous le naf : 

► Conseil en systèmes et logiciels informatiques.



La société YASAM CONSULT est dirigée par Abdelkader Seddi (Président)","Conseil en systèmes et logiciels informatiques (6202A)
				Voir la classification Kompass"
"1641926258-735","https://fr.kompass.com/a/informatique-et-internet/57/d/calvados/fr_25_14/page-3/","IDETHIC","https://fr.kompass.com/c/idethic/fra06n6dc/","IDETHIC","2 RUE JEAN PERRIN","2 RUE JEAN PERRIN 

	                
	        14460 COLOMBELLES","null","2020","SAS, société par actions simplifiée","null","L'entreprise IDETHIC, est installée au 2 RUE JEAN PERRIN à Colombelles (14460) dans le département du Calvados.



Cette société est une societé anonyme par actions simplifiées fondée en 2020 ayant comme SIRET le numéro 884639360 00020, recensée sous le naf : 

► Programmation informatique.



La société IDETHIC est dirigée par Hervé Jean (Président)","Programmation informatique (6201Z)
				Voir la classification Kompass"
"1641926177-708","https://fr.kompass.com/a/informatique-et-internet/57/d/calvados/fr_25_14/page-3/","VET'APP","https://fr.kompass.com/c/vet-app/fra06l8ht/","VET'APP","17 RUE CLAUDE BLOCH","17 RUE CLAUDE BLOCH 

	                
	        14000 CAEN","null","2020","SAS, société par actions simplifiée","null","La société VET'APP, est implantée au 17 RUE CLAUDE BLOCH à Caen (14000) dans le département du Calvados.



Cette société est une societé anonyme par actions simplifiées fondée en 2020 sous l'enregistrement 884078312 00011, recensée sous le naf : 

► Portails Internet.



La société VET'APP est dirigée par Antoine Escudier (Président)","Portails Internet (6312Z)
				Voir la classification Kompass"
"1641926246-731","https://fr.kompass.com/a/informatique-et-internet/57/d/calvados/fr_25_14/page-3/","M FREDERIC JOURNOT","https://fr.kompass.com/c/m-frederic-journot/fra06z8fz/","M FREDERIC JOURNOT","4 RUE DE STRASBOURG","4 RUE DE STRASBOURG 

	                
	        14860 RANVILLE","null","2020","Profession libérale","null","M FREDERIC JOURNOT, est installé au 4 RUE DE STRASBOURG à Ranville (14860) dans le département du Calvados.



Cette société est une profession libérale fondée en 2020(SIRET : 889299954 00012), recensée sous le naf : 

► Tierce maintenance de systèmes et d'applications informatiques.","Tierce maintenance de systèmes et d’applications informatiques (6202B)
				Voir la classification Kompass"
"1641926216-721","https://fr.kompass.com/a/informatique-et-internet/57/d/calvados/fr_25_14/page-3/","QWICE","https://fr.kompass.com/c/qwice/fra07lqf8/","QWICE","9 PL DU DOCTEUR HENRI CAILLOUE","9 PL DU DOCTEUR HENRI CAILLOUE 

	                
	        14700 FALAISE","null","2021","SAS, société par actions simplifiée","null","La société QWICE, est implantée au 9 PL DU DOCTEUR HENRI CAILLOUE à Falaise (14700) dans le département du Calvados.



Cette société est une societé anonyme par actions simplifiées fondée en 2021 sous l'enregistrement 894985399 00019, recensée sous le naf : 

► Programmation informatique.



La société QWICE est dirigée par Bruno Leralu (Président)","Programmation informatique (6201Z)
				Voir la classification Kompass"
"1641926109-685","https://fr.kompass.com/a/informatique-et-internet/57/d/calvados/fr_25_14/page-3/","KIWI","https://fr.kompass.com/c/kiwi/fra07djad/","KIWI","650 CHE DE BOIS LURETTE","650 CHE DE BOIS LURETTE 

	                
	        14130 COQUAINVILLIERS","null","2020","SAS, société par actions simplifiée","null","L'entreprise KIWI, est installée au 650 CHE DE BOIS LURETTE à Coquainvilliers (14130) dans le département du Calvados.



Cette société est une societé anonyme par actions simplifiées fondée en 2020(SIRET : 893230730 00010), recensée sous le naf : 

► Edition de logiciels applicatifs.



La société KIWI est dirigée par Anne Le Naour (Président)","Edition de logiciels applicatifs (5829C)
				Voir la classification Kompass"
"1641926333-760","https://fr.kompass.com/a/informatique-et-internet/57/d/calvados/fr_25_14/page-3/","CHAINBREAK","https://fr.kompass.com/c/chainbreak/fra07zmjf/","CHAINBREAK","14 RUE DE STRASBOURG","14 RUE DE STRASBOURG 

	                
	        14000 CAEN","null","2021","SAS, société par actions simplifiée","null","L'entreprise CHAINBREAK, est installée au 14 RUE DE STRASBOURG à Caen (14000) dans le département du Calvados.



Cette société est une societé anonyme par actions simplifiées fondée en 2021(SIRET : 900200445 00014), recensée sous le naf : 

► Programmation informatique.



La société CHAINBREAK est dirigée par Martin Ledoux (Président)","Programmation informatique (6201Z)
				Voir la classification Kompass"
"1641926168-705","https://fr.kompass.com/a/informatique-et-internet/57/d/calvados/fr_25_14/page-3/","M ONDREJ BALOG","https://fr.kompass.com/c/m-ondrej-balog/fra06t3pk/","M ONDREJ BALOG","2 RUE GUSTAVE FLAUBERT 

	                VIRE","2 RUE GUSTAVE FLAUBERT 

	                VIRE 

	                
	        14500 VIRE-NORMANDIE","null","2020","Artisan-commerçant","null","L'entreprise M ONDREJ BALOG, est installée au 2 RUE GUSTAVE FLAUBERT à Vire-normandie (14500) dans le département du Calvados.



Cet artisan-commerçant fondé en 2020 ayant comme SIRET le numéro 888019247 00012, est recensé sous le naf : 

► Réparation d'ordinateurs et d'équipements périphériques.","Réparation d'ordinateurs et d'équipements périphériques (9511Z)
				Voir la classification Kompass"
"1641926255-734","https://fr.kompass.com/a/informatique-et-internet/57/d/calvados/fr_25_14/page-3/","M DAVID MANSIAUX","https://fr.kompass.com/c/m-david-mansiaux/fra07c48h/","M DAVID MANSIAUX","22 RUE BARON GERARD","22 RUE BARON GERARD 

	                
	        14400 BAYEUX","null","2010","Artisan-commerçant","Non renseigné","L'entreprise M DAVID MANSIAUX, est localisée au 22 RUE BARON GERARD à Bayeux (14400) dans le département du Calvados.



Cet artisan-commerçant fondé en 2010 sous le numéro 523347938 00020, est recensé sous le naf : 

► Réparation d'ordinateurs et d'équipements périphériques.","Réparation d'ordinateurs et d'équipements périphériques (9511Z)
				Voir la classification Kompass"
"1641926324-757","https://fr.kompass.com/a/informatique-et-internet/57/d/calvados/fr_25_14/page-3/","BICHE PRODUCTION","https://fr.kompass.com/c/biche-production/fra07m33f/","BICHE PRODUCTION","9 RUE CONSTANT FORGET 

	                5 RESIDENCE SAINT-GERBOLD","9 RUE CONSTANT FORGET 

	                5 RESIDENCE SAINT-GERBOLD 

	                
	        14000 CAEN","null","2021","SAS, société par actions simplifiée","null","L'entreprise BICHE PRODUCTION, est installée au 9 RUE CONSTANT FORGET à Caen (14000) dans le département du Calvados.



Cette société est une societé anonyme par actions simplifiées fondée en 2021 sous l'enregistrement 895122240 00016, recensée sous le naf : 

► Conseil en systèmes et logiciels informatiques.



La société BICHE PRODUCTION est dirigée par Gwenaëlle Petiard (Président)","Conseil en systèmes et logiciels informatiques (6202A)
				Voir la classification Kompass"
"1641926136-694","https://fr.kompass.com/a/informatique-et-internet/57/d/calvados/fr_25_14/page-3/","MICRO-CARAIBE-PC","https://fr.kompass.com/c/micro-caraibe-pc/fra07tdqc/","MICRO-CARAIBE-PC","132 RUE HENRY CHERON","132 RUE HENRY CHERON 

	                
	        14100 LISIEUX","null","2021","Société à responsabilité limitée (sans autre indication)","null","La compagnie MICRO-CARAIBE-PC, est implantée au 132 RUE HENRY CHERON à Lisieux (14100) dans le département du Calvados.



Cette société est une société à responsabilité limitée (SARL) fondée en 2021(SIRET : 898978705 00017), recensée sous le naf : 

► Tierce maintenance de systèmes et d'applications informatiques.



La société MICRO-CARAIBE-PC est dirigée par Piotr Weglicki (Gérant)","Tierce maintenance de systèmes et d’applications informatiques (6202B)
				Voir la classification Kompass"
"1641926186-711","https://fr.kompass.com/a/informatique-et-internet/57/d/calvados/fr_25_14/page-3/","BANKET","https://fr.kompass.com/c/banket/fra0739st/","BANKET","17 RUE CLAUDE BLOCH","17 RUE CLAUDE BLOCH 

	                
	        14000 CAEN","null","2020","SAS, société par actions simplifiée","null","L'entreprise BANKET, est implantée au 17 RUE CLAUDE BLOCH à Caen (14000) dans le département du Calvados.



Cette société est une societé anonyme par actions simplifiées fondée en 2020(SIRET : 890231939 00020), recensée sous le naf : 

► Traitement de données, hébergement et activités connexes.



La société BANKET est dirigée par Julien Paillard (Président)","Traitement de données, hébergement et activités connexes (6311Z)
				Voir la classification Kompass"
"1641926126-691","https://fr.kompass.com/a/informatique-et-internet/57/d/calvados/fr_25_14/page-3/","DALINA","https://fr.kompass.com/c/dalina/fra06v91c/","DALINA","11 RUE DES REMPARTS","11 RUE DES REMPARTS 

	                
	        14500 VIRE-NORMANDIE","null","2019","SAS, société par actions simplifiée","null","L'entreprise DALINA, est implantée au 11 RUE DES REMPARTS à Vire-normandie (14500) dans le département du Calvados.



Cette société est une societé anonyme par actions simplifiées fondée en 2019 sous l'enregistrement 888416161 00014, recensée sous le naf : 

► Conseil en systèmes et logiciels informatiques.



La société DALINA est dirigée par Matthieu Houphouet (Président)","Conseil en systèmes et logiciels informatiques (6202A)
				Voir la classification Kompass"
"1641926228-725","https://fr.kompass.com/a/informatique-et-internet/57/d/calvados/fr_25_14/page-3/","SNACKOO","https://fr.kompass.com/c/snackoo/fra07rcjv/","SNACKOO","LE GRAND CHAMP","LE GRAND CHAMP 

	                
	        14840 DEMOUVILLE","null","2021","SAS, société par actions simplifiée","null","L'entreprise SNACKOO, est localisée à Demouville (LE GRAND CHAMP) dans le département du Calvados.



Cette société est une societé anonyme par actions simplifiées fondée en 2021 sous l'enregistrement 898375373 00013, recensée sous le naf : 

► Programmation informatique.



La société SNACKOO est dirigée par Antoine Kubrijanow (Président)","Programmation informatique (6201Z)
				Voir la classification Kompass"
"1641926330-759","https://fr.kompass.com/a/informatique-et-internet/57/d/calvados/fr_25_14/page-3/","PRINCIPAL BUSINESS TECHNOLOGY","https://fr.kompass.com/c/principal-business-technology/fra07xlr7/","PRINCIPAL BUSINESS TECHNOLOGY","3 PL JEAN NOUZILLE 

	                ESPACE CONQUERANT","3 PL JEAN NOUZILLE 

	                ESPACE CONQUERANT 

	                
	        14000 CAEN","null","2020","SAS, société par actions simplifiée","null","La société PRINCIPAL BUSINESS TECHNOLOGY, est localisée au 3 PL JEAN NOUZILLE à Caen (14000) dans le département du Calvados.



Cette société est une societé anonyme par actions simplifiées fondée en 2020 sous l'enregistrement 892666264 00023, recensée sous le naf : 

► Programmation informatique.



La société PRINCIPAL BUSINESS TECHNOLOGY est dirigée par Elhoucine Elmir (Président)","Programmation informatique (6201Z)
				Voir la classification Kompass"
"1641926249-732","https://fr.kompass.com/a/informatique-et-internet/57/d/calvados/fr_25_14/page-3/","THE LUCID DREAMS COMPANY, TLDC","https://fr.kompass.com/c/the-lucid-dreams-company/fra078mjq/","THE LUCID DREAMS COMPANY","17 RUE CLAUDE BLOCH","17 RUE CLAUDE BLOCH 

	                
	        14000 CAEN","null","2020","SAS, société par actions simplifiée","null","La société THE LUCID DREAMS COMPANY(TLDC), est implantée au 17 RUE CLAUDE BLOCH à Caen (14000) dans le département du Calvados.



Cette société est une societé anonyme par actions simplifiées fondée en 2020 ayant comme SIRET le numéro 891845562 00018, recensée sous le naf : 

► Conseil en systèmes et logiciels informatiques.



La société THE LUCID DREAMS COMPANY est dirigée par Philippe BORNSTEIN (Président)","Conseil en systèmes et logiciels informatiques (6202A)
				Voir la classification Kompass"
"1641926294-747","https://fr.kompass.com/a/informatique-et-internet/57/d/calvados/fr_25_14/page-3/","NACRE SI","https://fr.kompass.com/c/nacre-si/fra07mawr/","NACRE SI","58 AV PIERRE BERTHELOT","58 AV PIERRE BERTHELOT 

	                
	        14000 CAEN","null","2021","SAS, société par actions simplifiée","null","L'entreprise NACRE SI, est localisée au 58 AV PIERRE BERTHELOT à Caen (14000) dans le département du Calvados.



Cette société est une societé anonyme par actions simplifiées fondée en 2021 sous le numéro 895212181 00013, recensée sous le naf : 

► Conseil en systèmes et logiciels informatiques.



La société NACRE SI est dirigée par Pascal Blanchard (Président)","Conseil en systèmes et logiciels informatiques (6202A)
				Voir la classification Kompass"
"1641926315-754","https://fr.kompass.com/a/informatique-et-internet/57/d/calvados/fr_25_14/page-3/","SHAREBOOKS S.A","https://fr.kompass.com/c/sharebooks-s-a/fra081nwb/","SHAREBOOKS S.A","17 RUE CLAUDE BLOCH","17 RUE CLAUDE BLOCH 

	                
	        14000 CAEN","null","2021","SAS, société par actions simplifiée","null","L'entreprise SHAREBOOKS S.A, est implantée au 17 RUE CLAUDE BLOCH à Caen (14000) dans le département du Calvados.



Cette société est une societé anonyme par actions simplifiées fondée en 2021(SIRET : 900863291 00010), recensée sous le naf : 

► Programmation informatique.","Programmation informatique (6201Z)
				Voir la classification Kompass"
"1641926339-762","https://fr.kompass.com/a/informatique-et-internet/57/d/calvados/fr_25_14/page-3/","FMK SOLUTIONS","https://fr.kompass.com/c/fmk-solutions/fra07s36c/","FMK SOLUTIONS","38 RUE DU CANADA","38 RUE DU CANADA 

	                
	        14320 MAY-SUR-ORNE","null","2021","SAS, société par actions simplifiée","null","La compagnie FMK SOLUTIONS, est localisée au 38 RUE DU CANADA à May-sur-orne (14320) dans le département du Calvados.



Cette société est une societé anonyme par actions simplifiées fondée en 2021 ayant comme SIRET le numéro 898536933 00010, recensée sous le naf : 

► Edition de logiciels applicatifs.



La société FMK SOLUTIONS est dirigée par Alexandre Frandemiche (Président)","Edition de logiciels applicatifs (5829C)
				Voir la classification Kompass"
"1641926198-715","https://fr.kompass.com/a/informatique-et-internet/57/d/calvados/fr_25_14/page-3/","M SAMUEL SAMUEL METTERS","https://fr.kompass.com/c/m-samuel-samuel-metters/fra07dt7t/","M SAMUEL SAMUEL METTERS","3 RTE DE LA BUHENNERIE","3 RTE DE LA BUHENNERIE 

	                
	        14400 LONGUES-SUR-MER","null","2021","Profession libérale","null","M SAMUEL SAMUEL METTERS, est installé au 3 RTE DE LA BUHENNERIE à Longues-sur-mer (14400) dans le département du Calvados.



Cette société est une profession libérale fondée en 2021 ayant comme SIRET le numéro 893326132 00014, recensée sous le naf : 

► Programmation informatique.","Programmation informatique (6201Z)
				Voir la classification Kompass"
"1641926318-755","https://fr.kompass.com/a/informatique-et-internet/57/d/calvados/fr_25_14/page-3/","M YANNICK TUDORET","https://fr.kompass.com/c/m-yannick-tudoret/fra07p6cv/","M YANNICK TUDORET","18 RUE JACQUES PREVERT","18 RUE JACQUES PREVERT 

	                
	        14100 LISIEUX","null","2021","Profession libérale","null","M YANNICK TUDORET, est installé au 18 RUE JACQUES PREVERT à Lisieux (14100) dans le département du Calvados.



Cette société est une profession libérale fondée en 2021 ayant comme SIRET le numéro 897733887 00011, recensée sous le naf : 

► Conseil en systèmes et logiciels informatiques.","Conseil en systèmes et logiciels informatiques (6202A)
				Voir la classification Kompass"
"1641926195-714","https://fr.kompass.com/a/informatique-et-internet/57/d/calvados/fr_25_14/page-3/","KOTCHADISPO","https://fr.kompass.com/c/kotchadispo/fra0743d9/","KOTCHADISPO","11 RUE DES CARMELITES","11 RUE DES CARMELITES 

	                
	        14000 CAEN","null","2020","SAS, société par actions simplifiée","null","La société KOTCHADISPO, est localisée au 11 RUE DES CARMELITES à Caen (14000) dans le département du Calvados.



Cette société est une societé anonyme par actions simplifiées fondée en 2020 sous l'enregistrement 890474786 00013, recensée sous le naf : 

► Portails Internet.



La société KOTCHADISPO est dirigée par Stéphane Rocher (Président)","Portails Internet (6312Z)
				Voir la classification Kompass"
"1641926225-724","https://fr.kompass.com/a/informatique-et-internet/57/d/calvados/fr_25_14/page-3/","CURNET","https://fr.kompass.com/c/curnet/fra06w1hv/","CURNET","20 RUE CARNOT","20 RUE CARNOT 

	                
	        14290 ORBEC","null","2019","SAS, société par actions simplifiée","null","L'entreprise CURNET, est localisée au 20 RUE CARNOT à Orbec (14290) dans le département du Calvados.



Cette société est une societé anonyme par actions simplifiées fondée en 2019(SIRET : 888650934 00019), recensée sous le naf : 

► Conseil en systèmes et logiciels informatiques.



La société CURNET est dirigée par Kelly Curnelle (Président)","Conseil en systèmes et logiciels informatiques (6202A)
				Voir la classification Kompass"
"1641926306-751","https://fr.kompass.com/a/informatique-et-internet/57/d/calvados/fr_25_14/page-3/","M DOMINIQUE POTIER (SCSM CONSEIL)","https://fr.kompass.com/c/m-dominique-potier/fra07ra83/","M DOMINIQUE POTIER
                                    SCSM CONSEIL","RTE DE BANVILLE 

	                LA BELLE ANGERIE","RTE DE BANVILLE 

	                LA BELLE ANGERIE 

	                
	        14480 SAINTE-CROIX-SUR-MER","null","1984","Profession libérale","null","M DOMINIQUE POTIER, est installée à Sainte-croix-sur-mer (RTE DE BANVILLE) dans le département du Calvados.



Cette société est une profession libérale fondée en 1984(SIRET : 332033984 00029), recensée sous le naf : 

► Conseil en systèmes et logiciels informatiques.","Conseil en systèmes et logiciels informatiques (6202A)
				Voir la classification Kompass"
"1641926213-720","https://fr.kompass.com/a/informatique-et-internet/57/d/calvados/fr_25_14/page-3/","AFCOE","https://fr.kompass.com/c/afcoe/fra06rmxl/","AFCOE","11 ALL DES POMMIERS","11 ALL DES POMMIERS 

	                
	        14440 DOUVRES-LA-DELIVRANDE","null","2020","SAS, société par actions simplifiée","null","La société AFCOE, est installée au 11 ALL DES POMMIERS à Douvres-la-delivrande (14440) dans le département du Calvados.



Cette société est une societé anonyme par actions simplifiées fondée en 2020 ayant comme SIRET le numéro 887511905 00010, recensée sous le naf : 

► Conseil en systèmes et logiciels informatiques.



La société AFCOE est dirigée par Alain Fossoux (Président)","Conseil en systèmes et logiciels informatiques (6202A)
				Voir la classification Kompass"
"1641926132-693","https://fr.kompass.com/a/informatique-et-internet/57/d/calvados/fr_25_14/page-3/","ORDI SERV","https://fr.kompass.com/c/ordi-serv/fra07553x/","ORDI SERV","2 RUE DE L'HOTELLERIE","2 RUE DE L'HOTELLERIE 

	                
	        14120 MONDEVILLE","null","2020","Société à responsabilité limitée (sans autre indication)","null","La compagnie ORDI SERV, est localisée au 2 RUE DE L'HOTELLERIE à Mondeville (14120) dans le département du Calvados.



Cette société est une société à responsabilité limitée (SARL) fondée en 2020 sous le numéro 890795032 00014, recensée sous le naf : 

► Programmation informatique.



La société ORDI SERV est dirigée par Jean-Guy Prissette (Gérant)","Programmation informatique (6201Z)
				Voir la classification Kompass"
"1641926321-756","https://fr.kompass.com/a/informatique-et-internet/57/d/calvados/fr_25_14/page-3/","COMPOSITE WEB","https://fr.kompass.com/c/composite-web/fra07p9g2/","COMPOSITE WEB","7 RUE MOREL DE THAN","7 RUE MOREL DE THAN 

	                
	        14780 LION-SUR-MER","null","2021","Société à responsabilité limitée (sans autre indication)","null","La société COMPOSITE WEB, est localisée au 7 RUE MOREL DE THAN à Lion-sur-mer (14780) dans le département du Calvados.



Cette société est une société à responsabilité limitée (SARL) fondée en 2021(SIRET : 897734356 00016), recensée sous le naf : 

► Conseil en systèmes et logiciels informatiques.



La société COMPOSITE WEB est dirigée par Vincent Regnard (Gérant)","Conseil en systèmes et logiciels informatiques (6202A)
				Voir la classification Kompass"
"1641926207-718","https://fr.kompass.com/a/informatique-et-internet/57/d/calvados/fr_25_14/page-3/","M AYMERIC BOURDY","https://fr.kompass.com/c/m-aymeric-bourdy/fra07p7n6/","M AYMERIC BOURDY","35 RUE D AUTHIE","35 RUE D AUTHIE 

	                
	        14000 CAEN","null","2021","Profession libérale","null","M AYMERIC BOURDY, est installé au 35 RUE D AUTHIE à Caen (14000) dans le département du Calvados.



Cette société est une profession libérale fondée en 2021(SIRET : 897765004 00014), recensée sous le naf : 

► Programmation informatique.","Programmation informatique (6201Z)
				Voir la classification Kompass"
"1641926336-761","https://fr.kompass.com/a/informatique-et-internet/57/d/calvados/fr_25_14/page-3/","ALTICAP","https://fr.kompass.com/c/alticap/fra080p33/","ALTICAP","4 RUE IRENE JOLIOT CURIE 

	                ZAC DU PLATEAU CAMPUS EFFISCIENCE","4 RUE IRENE JOLIOT CURIE 

	                ZAC DU PLATEAU CAMPUS EFFISCIENCE 

	                
	        14460 COLOMBELLES","null","2008","SAS, société par actions simplifiée","null","La société ALTICAP, est implantée au 4 RUE IRENE JOLIOT CURIE à Colombelles (14460) dans le département du Calvados.



Cette société est une societé anonyme par actions simplifiées fondée en 2008 ayant comme SIRET le numéro 512465667 00073, recensée sous le naf : 

► Conseil en systèmes et logiciels informatiques.","Conseil en systèmes et logiciels informatiques (6202A)
				Voir la classification Kompass"
"1641926327-758","https://fr.kompass.com/a/informatique-et-internet/57/d/calvados/fr_25_14/page-3/","M LOUIS AUBERT","https://fr.kompass.com/c/m-louis-aubert/fra07l9w5/","M LOUIS AUBERT","20 AV DE LA VALEUSE","20 AV DE LA VALEUSE 

	                
	        14200 HEROUVILLE-SAINT-CLAIR","null","2021","Profession libérale","null","M LOUIS AUBERT, est installé au 20 AV DE LA VALEUSE à Herouville-saint-clair (14200) dans le département du Calvados.



Cette société est une profession libérale fondée en 2021 ayant comme SIRET le numéro 895002012 00014, recensée sous le naf : 

► Programmation informatique.","Programmation informatique (6201Z)
				Voir la classification Kompass"
"1641926222-723","https://fr.kompass.com/a/informatique-et-internet/57/d/calvados/fr_25_14/page-3/","WEB-BY-WORK","https://fr.kompass.com/c/web-by-work/fra07a1xl/","WEB-BY-WORK","RUE DE LA PLAINE 

	                ZONE D'ACTIVITES DE LA HOGUE","RUE DE LA PLAINE 

	                ZONE D'ACTIVITES DE LA HOGUE 

	                
	        14970 BENOUVILLE","null","2020","SAS, société par actions simplifiée","null","L'entreprise WEB-BY-WORK, est implantée à Benouville (RUE DE LA PLAINE) dans le département du Calvados.



Cette société est une societé anonyme par actions simplifiées fondée en 2020 ayant comme SIRET le numéro 892232463 00018, recensée sous le naf : 

► Programmation informatique.



La société WEB-BY-WORK est dirigée par Stephen LEPROVOST (Président)","Programmation informatique (6201Z)
				Voir la classification Kompass"
"1641926150-699","https://fr.kompass.com/a/informatique-et-internet/57/d/calvados/fr_25_14/page-3/","TIPS, TIPS (TECHNOLOGIES D'INGENIERIE PEDAGOGIQUE ET SUPPORT)","https://fr.kompass.com/c/tips/fra0771r5/","TIPS
                                    TECHNOLOGIES D'INGENIERIE PEDAGOGIQUE ET SUPPORT","6 RUE JEAN MONNET","6 RUE JEAN MONNET 

	                
	        14440 DOUVRES-LA-DELIVRANDE","null","2020","SAS, société par actions simplifiée","null","La compagnie TIPS(TIPS), est installée au 6 RUE JEAN MONNET à Douvres-la-delivrande (14440) dans le département du Calvados.



Cette société est une societé anonyme par actions simplifiées fondée en 2020 sous le numéro 891341430 00017, recensée sous le naf : 

► Conseil en systèmes et logiciels informatiques.



La société TIPS est dirigée par Timothée Laisne (Président)","Conseil en systèmes et logiciels informatiques (6202A)
				Voir la classification Kompass"
"1641926162-703","https://fr.kompass.com/a/informatique-et-internet/57/d/calvados/fr_25_14/page-3/","MME MURIELLE TAFANELLI","https://fr.kompass.com/c/mme-murielle-tafanelli/fra06nqkl/","MME MURIELLE TAFANELLI","30 AV SAINTE THERESE","30 AV SAINTE THERESE 

	                
	        14000 CAEN","null","2020","Artisan-commerçant","null","L'entreprise MME MURIELLE TAFANELLI, est installée au 30 AV SAINTE THERESE à Caen (14000) dans le département du Calvados.



Cet artisan-commerçant fondé en 2020 ayant comme SIRET le numéro 884842741 00016, est recensé sous le naf : 

► Réparation d'ordinateurs et d'équipements périphériques.","Réparation d'ordinateurs et d'équipements périphériques (9511Z)
				Voir la classification Kompass"
"1641926289-745","https://fr.kompass.com/a/informatique-et-internet/57/d/calvados/fr_25_14/page-3/","ASLAK STUDIO","https://fr.kompass.com/c/aslak-studio/fra07s6r0/","ASLAK STUDIO","77 B RUE DE SAINT ANDRE","77 B RUE DE SAINT ANDRE 

	                
	        14123 FLEURY-SUR-ORNE","null","2015","SAS, société par actions simplifiée","null","L'entreprise ASLAK STUDIO, est implantée au 77 B RUE DE SAINT ANDRE à Fleury-sur-orne (14123) dans le département du Calvados.



Cette société est une societé anonyme par actions simplifiées fondée en 2015 sous le numéro 814426185 00041, recensée sous le naf : 

► Programmation informatique.



La société ASLAK STUDIO est dirigée par Michel Barbier (Président)","Programmation informatique (6201Z)
				Voir la classification Kompass"
"1641926300-749","https://fr.kompass.com/a/informatique-et-internet/57/d/calvados/fr_25_14/page-3/","KYMALE","https://fr.kompass.com/c/kymale/fra07hxgf/","KYMALE","11 ALL DES POMMIERS","11 ALL DES POMMIERS 

	                
	        14440 DOUVRES-LA-DELIVRANDE","null","2021","SAS, société par actions simplifiée","null","L'entreprise KYMALE, est implantée au 11 ALL DES POMMIERS à Douvres-la-delivrande (14440) dans le département du Calvados.



Cette société est une societé anonyme par actions simplifiées fondée en 2021 sous le numéro 894199561 00016, recensée sous le naf : 

► Edition de logiciels système et de réseau.



La société KYMALE est dirigée par Marie Kouedy (Président)","Édition de logiciels système et de réseau (5829A)
				Voir la classification Kompass"
"1641926252-733","https://fr.kompass.com/a/informatique-et-internet/57/d/calvados/fr_25_14/page-3/","M GUILLAUME ROUX","https://fr.kompass.com/c/m-guillaume-roux/fra06z4pw/","M GUILLAUME ROUX","5 RUE DES MESANGES","5 RUE DES MESANGES 

	                
	        14610 VILLONS-LES-BUISSONS","null","2019","Artisan-commerçant","null","L'entreprise M GUILLAUME ROUX, est installée au 5 RUE DES MESANGES à Villons-les-buissons (14610) dans le département du Calvados.



Cet artisan-commerçant fondé en 2019 sous le numéro 853088136 00017, est recensé sous le naf : 

► Réparation d'ordinateurs et d'équipements périphériques.","Réparation d'ordinateurs et d'équipements périphériques (9511Z)
				Voir la classification Kompass"
"1641926159-702","https://fr.kompass.com/a/informatique-et-internet/57/d/calvados/fr_25_14/page-3/","LIMENGO","https://fr.kompass.com/c/limengo/fra06jq50/","LIMENGO","8 RUE LEOPOLD SEDAR SENGHOR 

	                CAMPUS EFFISCIENCE","8 RUE LEOPOLD SEDAR SENGHOR 

	                CAMPUS EFFISCIENCE 

	                
	        14460 COLOMBELLES","null","2020","SAS, société par actions simplifiée","null","La compagnie LIMENGO, est installée au 8 RUE LEOPOLD SEDAR SENGHOR à Colombelles (14460) dans le département du Calvados.



Cette société est une societé anonyme par actions simplifiées fondée en 2020(SIRET : 883595613 00026), recensée sous le naf : 

► Programmation informatique.","Programmation informatique (6201Z)
				Voir la classification Kompass"
"1641926276-741","https://fr.kompass.com/a/informatique-et-internet/57/d/calvados/fr_25_14/page-3/","M TOM XUAN THU DELAVILLE","https://fr.kompass.com/c/m-tom-xuan-thu-delaville/fra07kawr/","M TOM XUAN THU DELAVILLE","18 A RUE DE LA CAMPAGNE","18 A RUE DE LA CAMPAGNE 

	                
	        14650 CARPIQUET","null","2021","Profession libérale","null","M TOM XUAN THU DELAVILLE, est installé au 18 A RUE DE LA CAMPAGNE à Carpiquet (14650) dans le département du Calvados.



Cette société est une profession libérale fondée en 2021(SIRET : 894720150 00016), recensée sous le naf : 

► Autres activités informatiques.","Autres activités informatiques (6209Z)
				Voir la classification Kompass"
"1641926244-730","https://fr.kompass.com/a/informatique-et-internet/57/d/calvados/fr_25_14/page-3/","BESTREF","https://fr.kompass.com/c/bestref/fra06ll74/","BESTREF","11 RUE DE L'AUVAYE","11 RUE DE L'AUVAYE 

	                
	        14630 EMIEVILLE","null","2020","SAS, société par actions simplifiée","null","La société BESTREF, est installée au 11 RUE DE L'AUVAYE à Emieville (14630) dans le département du Calvados.



Cette société est une societé anonyme par actions simplifiées fondée en 2020(SIRET : 884200825 00013), recensée sous le naf : 

► Conseil en systèmes et logiciels informatiques.



La société BESTREF est dirigée par Florian Brossard (Président)","Conseil en systèmes et logiciels informatiques (6202A)
				Voir la classification Kompass"
"1641926204-717","https://fr.kompass.com/a/informatique-et-internet/57/d/calvados/fr_25_14/page-3/","DIGIDUX","https://fr.kompass.com/c/digidux/fra07dzck/","DIGIDUX","CHEMIN DU HAUT BOIS","CHEMIN DU HAUT BOIS 

	                
	        14800 TOUQUES","null","2020","SAS, société par actions simplifiée","null","La société DIGIDUX, est localisée à Touques (CHEMIN DU HAUT BOIS) dans le département du Calvados.



Cette société est une societé anonyme par actions simplifiées fondée en 2020 sous le numéro 893314039 00015, recensée sous le naf : 

► Tierce maintenance de systèmes et d'applications informatiques.



La société DIGIDUX est dirigée par Xavier Becq De Fouquieres (Président)","Tierce maintenance de systèmes et d’applications informatiques (6202B)
				Voir la classification Kompass"
