web-scraper-order,web-scraper-start-url,orga-link,orga-link-href,title,logo,description,adresse,site,contact-name,contact-email
"1641921937-213","https://www.normandigital.fr/membres-normandie-reseau-professionnels-numerique/","OXIPRO                          EN SAVOIR PLUS","https://www.normandigital.fr/membres/oxipro/","OXIPRO","background-image:url(https://www.normandigital.fr/wp-content/uploads/OXIPRO.jpg);","Déléguez votre système informatique pour vous concentrer sur l’essentiel !
Vous représentez une entreprise, une association ou une collectivité territoriale de toute taille ?
Vous n’avez pas le temps de vous occuper de votre informatique et de sa sécurité ?
Un Responsable Informatique à temps partagé est la solution idéale pour les petites et moyennes entreprises qui souhaitent disposer d’une ressource expérimentée pour les aider à construire une informatique performante
 
Contactez-nous et analysons ensemble vos besoins.
Forts de plus de 20 ans d’expérience dans le domaine informatique,  nous ferons un plaisir de vous aider, en tant que responsable informatique à temps partagé.
 
Nous vous proposons également, selon vos besoins, un audit ou des conseils. Le tout, dans le but de faire évoluer votre système d’information dans les conditions les plus optimales.

		
	

	
		
			OXIPRO

8, avenue du Président Georges Pompidou

27500 PONT AUDEMER

Tel : 02.77.27.20.27
site :http://www.oxipro.fr/
Stéphane VINOT

Email : stvinot@oxipro.fr","null","http://www.oxipro.fr/","null","null"
"1641921980-228","https://www.normandigital.fr/membres-normandie-reseau-professionnels-numerique/","KYOSS                          EN SAVOIR PLUS","http://kyoss.fr/","null","null","null","null","tel:0973220375","null","null"
"1641921985-230","https://www.normandigital.fr/membres-normandie-reseau-professionnels-numerique/","IUT de Caen                          EN SAVOIR PLUS","https://www.normandigital.fr/membres/iut-de-caen/","IUT de Caen","background-image:url(https://www.normandigital.fr/wp-content/uploads/logo_iutcaen.png);","Fusion des 3 IUT d’Alençon, de Caen et de Cherbourg en Cotentin
Le 1er septembre 2019, les 3 IUT d’Alençon, de Caen et de Cherbourg en Cotentin ont fusionné pour former un grand IUT Normand : IUT Grand Ouest Normandie.
Cette fusion permet de définir un projet commun structurant pour l’enseignement universitaire technologique en Normandie, de créer des synergies entre les équipes pédagogiques sur les 3 pôles :

Pôle d’Alençon (campus de Damigny)
Pôle de Caen (campus de Caen, Ifs, Lisieux, Vire)
Pôle de Cherbourg en Cotentin (campus de Cherbourg-en-Cotentin, Saint-Lô),

et de disposer d’une approche commune entre services.
L’IUT pourra ainsi mieux répondre à quatre enjeux :

le renforcement de l’image de marque “IUT” au sein de l’établissement et sur le territoire normand ; la visibilité des formations doit être accrue pour une meilleure offre aux néo-bacheliers ;
la transformation pédagogique pour s’adapter aux attentes des étudiants et l’amélioration de la réussite des bacheliers technologiques ;
le développement de l’apprentissage et de la formation continue exige également la mise en place rapide de nouvelles pratiques pédagogiques incluant notamment le numérique ;
l’accompagnement du tissu économique dans la recherche de compétences, que ce soit par la formation des salariés du territoire ou par la disponibilité des expertises de recherche.

L’IUT Grand Ouest Normandie souhaite ainsi continuer à proposer une formation professionnelle de qualité pour répondre aux besoins de l’environnement socio-économique régional :

21 Diplômes Universitaires de Technologie · DUT (12 du secteur secondaire / 9 du secteur tertiaire),
25 Licences Professionnelles (des secteurs secondaire et tertiaire) accessibles à tout public – étudiants, apprentis, stagiaires formation continue,
1 Diplôme Universitaire d’Enseignement Technologique International · DUETI


		
	

	
		
			IUT de Caen
Rue Anton Tchekhov
14123 IFS
Tel : 02.31.52.55.19
Site :http://iut-caen.unicaen.fr/presentation/4-sites-geographiques/ 
Eddy GODELLE
Chef de département
Eddy.godelle@unicaen.fr","null","http://iut-caen.unicaen.fr/presentation/4-sites-geographiques/","null","null"
"1641922003-237","https://www.normandigital.fr/membres-normandie-reseau-professionnels-numerique/","E2SE                          EN SAVOIR PLUS","https://www.e2se.fr/","Agenda","null","null","null","wp-content/uploads/2015/01/CURSUS_E2SE_2021-2022_v3.pdf","null","null"
"1641921932-211","https://www.normandigital.fr/membres-normandie-reseau-professionnels-numerique/","SFR Business                          EN SAVOIR PLUS","https://www.normandigital.fr/membres/sfr-business/","SFR Business","background-image:url(https://www.normandigital.fr/wp-content/uploads/sfr-business-300x200.jpg);","Opérateur de Télécommunications & Intégrateur de solutions
 
SFR Business
509 contre-allée Route de Neufchâtel
76230 Isneauville
Tel : 02.76.51.15.10
 
Site : www.sfrbusiness.fr
 
Julien CHARLET
julien.charlet@sfr.com","","null","Julien CHARLET","Julien CHARLET"
"1641921944-216","https://www.normandigital.fr/membres-normandie-reseau-professionnels-numerique/","NUMEHA                          EN SAVOIR PLUS","https://www.normandigital.fr/membres/numeha/","NUMEHA","background-image:url(https://www.normandigital.fr/wp-content/uploads/Numeha.png);","Votre conseil en transformation numérique et expert en solution de veille média.


EXPERT EN CYBERSECURITE
Leurs atouts :

Cybersécurité audit 27001 – audit ebios
Développement spécifque IA – Web – Big data
RGPD Protection des données et reprise d’activité
Agence Webmarketing

Grâce à sa connaissance et à sa maîtrise de tous les systèmes d’information existants, le consultant IT est à même d’adapter ceux-ci aux besoins spécifiques de n’importe quelle structure. Du diagnostic au conseil stratégique, il déploie ses compétences transversalement dans les services demandés.
Membre du réseau #Normandigital antenne du Havre

		
	

	
		
			NUMEHA
40 Rue des Chantiers
76600 LE HAVRE
Tel : 06.42.30.93.78
Site : https://numeha.fr/
 
Jean-Pierre HOELLARD
Email : jphoellard@numeha.fr","null","https://numeha.fr/","null","null"
"1641921990-232","https://www.normandigital.fr/membres-normandie-reseau-professionnels-numerique/","ForLabs                          EN SAVOIR PLUS","https://www.normandigital.fr/membres/forlabs/","ForLabs","background-image:url(https://www.normandigital.fr/wp-content/uploads/LogoForlabsBaseLineV1-002.png);","ForLabs est une agence de conseil et réalisation dans le développement Web.
Nous accompagnons nos clients dans leur transformation numérique afin de les aider à développer leur business et à créer de la valeur. Nous concevons des applications web et mobiles qui contribuent à accélérer leur croissance.
Nous intervenons sur vos projets de développement, mais également en renfort d’équipe.
 
Les atouts de notre méthodologie :

Transformer rapidement une opportunité, une idée en une réalité fonctionnelle.
Développer, en collaboration avec nos clients, des applications centrées UX
Une équipe de développement, experte et passionnée
Les meilleures technologies du Web (Symfony, Angular et NODE.JS)
Un déploiement automatisé Devops
Une agilité optimale (Kanban) au service de l’évolution et de l’amélioration continue.

 
ForLabs
12, Rue Ferdinand Buisson
14280 SAINT CONTEST
Tel :09.88.04.95.95
 
Site : www.forlabs.fr
 
Gilles ROBERT
grobert@forlabs.Fr","14280 SAINT CONTEST","null","null","Tel :09.88.04.95.95"
"1641921929-210","https://www.normandigital.fr/membres-normandie-reseau-professionnels-numerique/","SHYRKA                          EN SAVOIR PLUS","https://www.normandigital.fr/membres/offroy-frances-axelle/","SHYRKA","background-image:url(https://www.normandigital.fr/wp-content/uploads/shyrka-002.png);","Axelle OFFROY
		
			
		
	

	
		
			La société d’Avocats SHYRKA
Axelle OFFROY fonde le Cabinet OFFROY-FRANCES en 2011.
En 2018, elle créé la Société d’Exercice libéral d’Avocats SHYRKA.
la société d’Avocats SHYRKA intervient dans les principaux domaines du droit des affaires et a développé une expertise particulière en droit des technologies de l’information et de la communication.
Attentif aux évolutions du monde économique, elle s’attache à répondre à l’ensemble des besoins rencontrés par les entreprises de toutes tailles.
SHYRKA a vocation à :

analyser, informer, et conseiller
négocier et protéger
assister et défendre

L’Avocat s’avère être un interlocuteur indispensable aux cotés des chefs d’entreprise. Outre des compétences spécialisées, il exerce son activité dans le respect de règles strictes destinées à protéger le client (secret professionnel, déontologie, maniement des fonds…).
Dans le cadre contentieux, lorsque la situation le permet, l’Avocat favorise négociation dans l’objectif de rechercher une solution amiable reposant sur la satisfaction des intérêts mutuels des parties.
Pour les dossiers faisant appel à des compétences transversales, la Société d’Avocats SHYRKA s’appuie sur son réseau de professionnels du droit, dans les domaines suivants : droit social, droit des sociétés, droit fiscal et droit patrimonial.

SHYRKA & SES ENGAGEMENTS
Désireuse d’entretenir une relation de confiance avec sa clientèle, la société d’Avocats SHYRKA met tout en œuvre pour :

connaître ses clients afin d’appréhender tous les enjeux de leurs projets et leurs besoins
offrir des compétences spécialisées et des solutions adaptées
être réactif dans l’accomplissement de ses diligences
être disponible pour une meilleure efficacité
fixer avec transparence ses honoraires

SHYRKA met un point d’honneur à être à l’écoute de ses clients, pour définir avec eux leurs intérêts, leurs besoins et faire valoir leurs droits en conséquence.
Depuis 2019, elle occupe un poste d’enseignant au sein du Département “Architecture des Systèmes d’Information” (ASI) de l’Institut National des Sciences Appliquées (INSA) de ROUEN.
Elle participe activement à différents groupes de réflexion et est membre des réseaux NWX et NORMANDIGITAL.

		
	

	
		
			SHYRKA Société d’avocats

40, rue Jean Lecanuet

76000 ROUEN

Tel : 02 76 01 50 07

Site : https://www.shyrka-avocats.fr/
Axelle OFFROY
aoffroy@shyrka-avocats.fr","SHYRKA met un point d’honneur à être à l’écoute de ses clients, pour définir avec eux leurs intérêts, leurs besoins et faire valoir leurs droits en conséquence.","https://www.shyrka-avocats.fr/","null","Depuis 2019, elle occupe un poste d’enseignant au sein du Département “Architecture des Systèmes d’Information” (ASI) de l’Institut National des Sciences Appliquées (INSA) de ROUEN."
"1641922037-249","https://www.normandigital.fr/membres-normandie-reseau-professionnels-numerique/","2SN                          EN SAVOIR PLUS","https://www.normandigital.fr/membres/2sn/","2SN","background-image:url(https://www.normandigital.fr/wp-content/uploads/2sn-logo.jpg);","2SN est un éditeur de logiciels pour les métiers du transport et de la logistique
Leur produit : WINTRUCK, un logiciel qui gère toute l’activité transport ; du planning à l’analyse des résultats. L’objectif : Optimiser l’activité liée aux marchandises.
 
Le planning des Dockers 
Ce module indépendant est fait pour  planifier les missions, réserver les ressources en tenant compte des obligations légales, générer les messages par Docker et les éléments de paie.
Tester Wintruck, c’est l’adopter
L’actualité de 2SN en 2019/2020 : un projet basé sur la technologie Blockchain.
L’objectif de Smart Flow  : Rechercher et expérimenter une solution sécurisée et légale qui automatise les processus de traitement (cotation, passage de la commande, édition ECMR, accusé de réception et paiement) d’une commande de transport. Il s’agit de faire évoluer une solution logicielle éditée par la société 2SN.
Ce projet est un projet collaboratif mené entre la société 2SN et le LITIS (Laboratoire de Traitement de l’Information et des Systèmes). Il est financé par la région Normandie.
 
2SN

60 Bd Amiral Mouchez

76600 LE HAVRE

Tel : 06-80-67-75-70

Site : 2sn.fr
Pierre Gérard FONTAINE

Pg.fontaine@2sn.fr","2SN

60 Bd Amiral Mouchez

76600 LE HAVRE

Tel : 06-80-67-75-70

Site : 2sn.fr","https://2sn.fr","Pierre Gérard FONTAINE","Pierre Gérard FONTAINE

Pg.fontaine@2sn.fr"
"1641921993-233","https://www.normandigital.fr/membres-normandie-reseau-professionnels-numerique/","FIDAL                          EN SAVOIR PLUS","https://www.normandigital.fr/membres/fidal/","FIDAL","background-image:url(https://www.normandigital.fr/wp-content/uploads/Logo_Fidal_Rouge_et_Noir_RVB_JPEG-1.jpg);","Conseiller les entreprises dans leurs décisions stratégiques et leurs choix opérationnels
FIDAL intervient depuis plus de 90 ans dans tous les domaines du droit des affaires. Nous nous définissons comme des conseils d’entreprises : nos avocats s’engagent auprès de nos clients en leur apportant informations et conseils, et en défendant leurs intérêts dans la durée. Partenaires des entreprises du middle market, des grands groupes, des collectivités publiques et des organismes à but non lucratif, nous intervenons dans tous les secteurs d’activité et privilégions les missions permanentes, forts de notre connaissance du tissu économique français et de notre maîtrise reconnue des problématiques internationales.
Une qualité de service reconnue
Nos clients bénéficient d’une relation de proximité avec nos avocats, présents dans 7 bureaux en Normandie. Cette proximité favorise un contact étroit et permanent, qui permet à nos professionnels :

D’anticiper les attentes et de détecter les besoins émergents
D’avoir une connaissance approfondie des activités, du métier et du contexte économique et social de l’entreprise
De développer et de proposer des solutions innovantes
De faire preuve de disponibilité et d’implication

Notre qualité de service repose également sur :

Une méthodologie de travail éprouvée
Un contrôle de qualité rigoureux
Des solutions juridiques et fiscales claires et concrètes
Une approche qui appréhende les données économiques et financières de nos clients
Un accompagnement permanent dans la durée


		
	

	
		
			FIDAL

91 Avenue Antoine de Saint-Exupéry

76235 Bois-Guillaume

Tel : 02 32 92 76 00

Site : www.fidal.com
Bastien MASSON

Email : bastien.masson@fidal.com","null","http://www.fidal.com","null","null"
"1641922020-244","https://www.normandigital.fr/membres-normandie-reseau-professionnels-numerique/","AVANT DE CLIQUER                          EN SAVOIR PLUS","https://www.normandigital.fr/membres/avant-de-cliquer/","AVANT DE CLIQUER","background-image:url(https://www.normandigital.fr/wp-content/uploads/LOGO-Avant-de-Cliquer.jpg);","Le phishing constitue une menace grandissante
L’hameçonnage (phishing), point d’entrée de 90% des cyberattaques, est devenu un véritable fléau pour les organisations de toute taille.
Un e-mail d’hameçonnage qu’un utilisateur non sensibilisé aura cliqué peut avoir de lourdes conséquences :

infiltration dans les réseaux informatiques en vue de nuire ou de dérober le patrimoine immatériel de l’entreprise ;
exfiltration des données ;
fraude au président ;
chiffrage des fichiers (rançongiciel).

De plus la réglementation fait peser de nouvelles obligations sur les directeurs informatiques, DPO et dirigeants qui doivent mettre en place des mesures organisationnelles de protection des données personnelles (article 25 du RGPD).
La solution Avant de Cliquer
Comment cela fonctionne-t-il ?
nous sensibilisons les utilisateurs en e-learning ;
nous envoyons aux utilisateurs des e-mails qu’ils ne devraient pas cliquer du fait de leurs caractéristiques proches des e-mails de phishing. Afin d’accroître la vigilance des utilisateurs, la mise en situation est réalisée tout au long de l’année ;
les utilisateurs peu vigilants qui cliquent sont sensibilisés sur l’instant en 3 minutes ;
au fur et à mesure des mises en situation, les utilisateurs acquièrent les bons réflexes et permettent à l’organisation de devenir cyber-résiliente.
En fonction du niveau de connaissance initial de l’utilisateur et de l’historique de clic constaté lors des mises en situation, Avant de Cliquer crée en temps réel un programme de sensibilisation personnalisé pour chaque utilisateur, permettant une montée en compétence plus rapide.
Le directeur informatique dispose de résultats factuels qui lui permettent de communiquer avec sa hiérarchie, de piloter le cyber risque, de respecter ses obligations de mise en place de mesures organisationnelles de protection des données personnelles et d’apporter des éléments de défense en cas de mise en cause par un client, un fournisseur, un partenaire ou la CNIL.
Vous n’avez rien à perdre à tester Avant de Cliquer
Nous vous proposons d’évaluer gratuitement le niveau de maturité de vos utilisateurs face à une cyberattaque par hameçonnage.
L’état des lieux est très peu chronophage et se déroule sur 5 jours durant lesquels chaque utilisateur est susceptible de recevoir un à quatre e-mails qu’il ne devrait pas cliquer du fait de ses caractéristiques.
A l’issue un rapport vous est fourni, qui vous permet d’évaluer le niveau de risque service par service et d’évaluer s’il convient de mettre en place des actions correctrices.

		
	

	
		
			Avant de cliquer

9 rue Georges Braque

76000 Rouen

Tel : 06.31.37.41.50
site : www.avantdecliquer.com
Carl HERNANDEZ

Email : carl@avantdecliquer.com","En fonction du niveau de connaissance initial de l’utilisateur et de l’historique de clic constaté lors des mises en situation, Avant de Cliquer crée en temps réel un programme de sensibilisation personnalisé pour chaque utilisateur, permettant une montée en compétence plus rapide.","https://www.avantdecliquer.com/test-gratuit/","null","Le directeur informatique dispose de résultats factuels qui lui permettent de communiquer avec sa hiérarchie, de piloter le cyber risque, de respecter ses obligations de mise en place de mesures organisationnelles de protection des données personnelles et d’apporter des éléments de défense en cas de mise en cause par un client, un fournisseur, un partenaire ou la CNIL."
"1641921983-229","https://www.normandigital.fr/membres-normandie-reseau-professionnels-numerique/","IUT de Rouen                          EN SAVOIR PLUS","https://www.normandigital.fr/membres/iut-de-rouen/","IUT de Rouen","background-image:url(https://www.normandigital.fr/wp-content/uploads/pastille_IUTrouen_couleurs.png);","L’Institut Universitaire de Technologie de Rouen, un des premiers IUT de France, a été créé à titre expérimental en 1965 et par décret en 1966.
L’I.U.T de Rouen, institut interne à l’Université de Rouen au sens de l’article L713-9 du code de l’éducation, est une composante qui dispense en formation initiale et continue un enseignement supérieur destiné à préparer aux fonctions d’encadrement technique et professionnel dans les secteurs de la production, de la recherche appliquée et des services.
L’I.U.T. de Rouen a également pour vocation d’entreprendre et de développer des recherches et du transfert de technologie, de préférence en relation avec les spécialités enseignées, et dans le cadre général de la politique de l’Université.
L’IUT de Rouen est implanté sur trois sites : Mont Saint Aignan, Rouen Pasteur, Elbeuf sur Seine
Les formations sur le site de Mont Saint Aignan relèvent du secteur de la production, celles de Rouen relèvent du tertiaire et celles d’Elbeuf sur Seine relèvent des nouvelles technologies de l’information et de communication.
Les formations de l’IUT, destinées principalement à l’insertion professionnelle, préparent aux Diplômes Universitaires de Technologie DUT et aux Licences professionnelles.
Les DUT sont organisés sur quatre semestres avec des programmes pédagogiques à caractère national par spécialité. Des modules complémentaires permettent soit une insertion professionnelle immédiate, soit une poursuite en Licence professionnelle soit une poursuite d’étude longue.
L’équipe pédagogique est composée d’enseignants, d’enseignants- chercheurs et d’industriels.

		
	

	
		
			IUT DE ROUEN

Département Réseaux et Télécommunications

76500 ELBEUF-SUR-SEINE

Tel : 02.32.96.10.21
Site : http://iutrouen.univ-rouen.fr/
Grégory CHAUDEMANCHE

gregory.chaudemanche@univ-rouen.fr","null","http://iutrouen.univ-rouen.fr/","null","null"
"1641921912-203","https://www.normandigital.fr/membres-normandie-reseau-professionnels-numerique/","Web et Solutions                          EN SAVOIR PLUS","https://www.normandigital.fr/membres/web-et-solutions/","Web et Solutions","background-image:url(https://www.normandigital.fr/wp-content/uploads/logo_webetsolutions-bleu-orange-2016_300dpi_CMJN-1.jpg);","WEB ET SOLUTIONS PARTENAIRE DE VOS PROJETS DIGITAUX
Nos équipes Web et Solutions se mobilisent chaque jour pour vous accompagner vers des solutions digitales et ainsi faire du web une opportunité pour demain.

Avec plus de 15 ans d’expérience, Nous vous accompagnons dans toutes les facettes de votre activité en ligne. Que ce soit dans la création de votre site vitrine ou e-commerce, dans l’accompagnement stratégique, le référencement de votre site web, la création visuelle, le développement web, l’hébergement de vos données ou encore la formation, nos experts consacrent leur savoir-faire et leur passion au service de vos besoins et de votre marque.
UNE AGENCE DIGITALE EXPERTE ET SURTOUT HUMAINE
Chez Web et Solutions, c’est près de 50 experts qui sont là pour comprendre votre besoin et vous proposer les solutions les plus adaptées. Chaque projet étant unique, nous répondons aux besoins de chacun, selon le type de demande, en cohérence avec votre stratégie d’entreprise et votre secteur d’activité. Notre volonté est de faire de votre projet une expérience durable et rentable. C’est donc une véritable équipe multidisciplinaire dotée de connaissance technique, créative et stratégique qui est à votre service. Du graphisme, au référencement en passant par le développement, votre projet passe dans les mains de nos différents pôles d’expertises.
NOTRE SOLUTION E-COMMERCE ET OMNICANAL : OASIS COMMERCE
Les habitudes de consommation ont changé. Les clients consomment partout, à tout heure et il est aujourd’hui difficile de se contenter d’un seul canal de vente. OASIS Commerce, notre solution ecommerce omnicanal, vous permet de toucher vos clients où qu’ils soient. Simple d’accès, responsive, ergonomique avec une grande part d’autonomie, vous pilotez en quelques clics l’une des plateformes les plus puissantes du marché digital. Notre solution e-commerce vous propose une gestion complète de votre activité grâce à une richesse fonctionnelle répondant à vos besoins d’aujourd’hui et de demain :
• gestion de contenu (CMS) – créez vos pages simplement avec notre éditeur visuel

• gestion des contacts (CRM) – centraliser toutes les données de votre relation avec vos clients

• gestion de la chaîne d’achat- suivez vos achats fournisseurs, évitez la rupture de stock

• gestion du catalogue produits – accédez à votre catalogue incluant tous vos produits et choisissez les canaux de vente associés

• gestion des opérations marketing – orchestrez vos compagnes promotionnelles : codes promos, fidélité, conditions panier…

• gestion commerciale – suivez l’intégralité de votre activité commerciale : statistiques, devis, commandes, factures…

• gestion des entrepôts – optimisation de votre réception à votre préparation de commande)

• gestion des canaux de vente (gérez l’ensemble de vos ventes online et offline

		
	

	
		
			WEB ET SOLUTIONS

Technopôle du Madrillet, 705 avenue Isaac Newton

76800 Saint Etienne du Rouvray

Tel : 02 35 78 11 90

Site : www.webetsolutions.com
François GARNIER

Email : f.garnier@webetsolutions.com","null","http://www.webetsolutions.com","null","null"
"1641921959-222","https://www.normandigital.fr/membres-normandie-reseau-professionnels-numerique/","Monconsultantinfo                          EN SAVOIR PLUS","https://www.normandigital.fr/membres/mci/","Monconsultantinfo","background-image:url(https://www.normandigital.fr/wp-content/uploads/MCI-logo-v4-N.png);","MonConsultantInfo est une entreprise d’assistance à maîtrise d’ouvrage qui vous aide à réaliser vos projets informatiques grâce à une méthodologie éprouvée.
Notre objectif : Prioriser les besoins de nos partenaires et leur proposer les solutions les plus adaptées, avec un haut niveau de personnalisation.
Pour ceci, nous utilisons un cahier des charges très précis, qui servira de périmètre et de structure au projet.
Notre méthode : Tout d’abord, nous auditons votre matériel existant à l’aide d’outils spécialisés, puis nous lançons un appel d’offre, afin de garantir notre indépendance et de toujours vous proposer les meilleures solutions.
Nos engagements : Devenir la passerelle entre vous et le prestataire, afin de simplifier les demandes et les communications et de vous aider à vous comprendre et…  Rendre le jargon technologique accessible et compréhensible à tous, afin que vous soyez capables de faire évoluer votre nouvelle solution par vous-mêmes et que vous puissiez vous l’approprier complètement.
C’est le coeur et l’essence de notre métier et de notre expertise !
Et les + MCI : formation de vos équipes, hébergement de vos données en France, conformité RGPD & intégration office 365 et accès aux données garanti à 99.99%.

		
	

	
		
			MonConsultantInfo

31 Rue Eustache de la Quérière
76100 ROUEN

Tel : 06 22 31 38 82
Site : https://monconsultantinfo.fr/
Richard CARDINE

richard@monconsultantinfo.fr","null","https://monconsultantinfo.fr/","null","null"
"1641921998-235","https://www.normandigital.fr/membres-normandie-reseau-professionnels-numerique/","Evidence Info                          EN SAVOIR PLUS","https://www.normandigital.fr/membres/evidence-info/","Evidence Info","background-image:url(https://www.normandigital.fr/wp-content/uploads/logo-evidence-info.png);","Des experts à votre service

Un regard nouveau sur votre informatique
Modélisation 3D
Le scanner laser 3D est la solution à tous vos besoins de relevés métriques.

Pour un résultat 2D ou 3D, bénéficiez de la numérisation rapide et précise d’objets et de bâtiments (intérieur et extérieur) y compris sur des zones difficiles d’accès.
Rapide et économique
Nos experts et leurs scanners 3D permettent d’obtenir un résultat impeccable même dans des environnements difficiles ou peu accessibles dans un temps record.
Conseils et formations
Spécialistes des systèmes informatiques depuis de nombreuses années, nous sommes aussi formateurs agréés. Nous saurons trouver VOTRE solution.

		
	

	
		
			EVIDENCE INFO

45, Avenue Robert Hooke

76800 Saint Etienne du Rouvray

Tel : 02 78 94 03 64

Site : www.evidence-info.fr
Jean-Bernard LEPRINCE

Email : jbleprince@evidence-info.fr","null","http://www.evidence-info.fr","null","null"
"1641921949-218","https://www.normandigital.fr/membres-normandie-reseau-professionnels-numerique/","NOVEA                          EN SAVOIR PLUS","https://www.normandigital.fr/membres/novea/","NOVEA","background-image:url(https://www.normandigital.fr/wp-content/uploads/2018_LOGO_novea_BLANC_VERT_FD_AVEC_BS_BD-1.jpg);","NOVEA, Centre de formation aux métiers de la Fibre optique
Acteur dans le projet Innovance
Le déploiement du réseau fibre optique, un enjeu national :
Le déploiement du réseau fibre optique en France repose sur un grand plan d’investissement qui sera porté par l’Etat, les collectivités territoriales et les opérateurs privés. Les investissements nécessaires pour couvrir 95% du territoire national en réseau fibre optique sont aujourd’hui estimés à près de 35 milliards d’euros entre 2014 et 2037.
Le poids de l’expérience NOVEA :  
Riche d’un capital d’expérience de 10 années, le Pôle d’Excellence Rurale NOVEA, installé à Romagny, est le socle du développement du projet INNOVANCE.
Fondé en 2006, sous la forme d’une initiative mêlant acteurs privés et acteurs publics du Sud Manche, NOVEA a rapidement attiré l’attention de collectivités plus lointaines et d’entreprises d’envergure nationale issues de la filière des Télécommunications. L’ensemble de ces acteurs se retrouve sous l’idée suivante : l’accélération du développement économique et social passerait par le déploiement du réseau Internet Très Haut Débit (FTTH – Fiber To The Home).

		
	

	
		
			NOVEA Organisme de formation

ZA Teractive – Les Closeaux

50140 ROMAGNY-FONTENAY

Tel : 02.33.79.51.48

Site : https://www.fibreoptiquenovea.com/
Jennifer SIMON

jennifer.simon@novea.asso.fr","null","null","null","null"
"1641921969-226","https://www.normandigital.fr/membres-normandie-reseau-professionnels-numerique/","LINKT                          EN SAVOIR PLUS","https://www.normandigital.fr/membres/linkt/","LINKT","background-image:url(https://www.normandigital.fr/wp-content/uploads/logo-link.png);","LINKT, fournisseur et opérateur de Solutions Télécoms Entreprises et Collectivités
LINKT est l’opérateur télécom du Groupe Altitude, totalement dédié aux PME, ETI, aux grands groupes et aux collectivités.
Expert des télécoms, Linkt est né de la volonté de construire et délivrer une offre associant une couverture nationale à une organisation de proximité.
L’objectif : une relation client et un service totalement nouveaux, digitaux humains et personnalisés.
Linkt propose des solutions d’accès internet très haut débit, d’interconnexion de site (VPN IP MPLS), téléphonie, cloud et sécurité
Nos valeurs nous guident auprès de nos clients et de nos collaborateurs : l’ouverture, l’agilité, la simplicité et la transparence.
#internet et sécurité #VPN #VPN ETHERNET #TRUNK SIP #TELEPHONIE HEBERGEE #CLOUD #MOBILE #4G #EXTRANET

		
	

	
		
			LINKT
13 Rue Jacques Monod
76130 Mont Saint Aignan
Site : https://www.linkt.fr/
Contact Caen : Karine Bazile
02-79-37-00-12
karine.bazile@linkt.fr

		
	

	
		
			LINKT
13 Rue Jacques Monod
76130 Mont Saint Aignan
Site : https://www.linkt.fr/
Contact Rouen : Charlène DELAPORTE
02-79-37-00-13
charlene.delaporte@linkt.fr

		
	

	
		
			LINKT
13 Rue Jacques Monod
76130 Mont Saint Aignan
Site : https://www.linkt.fr/
Responsable commercial : Karim SAFI
02-79-37-00-10
karim.safi@linkt.fr","null","https://www.linkt.fr/","null","null"
"1641921917-205","https://www.normandigital.fr/membres-normandie-reseau-professionnels-numerique/","TIBCO SERVICES                          EN SAVOIR PLUS","https://www.normandigital.fr/membres/tibco-services/","TIBCO SERVICES","background-image:url(https://www.normandigital.fr/wp-content/uploads/TIBCO-LOGO.png);","Notre mission est de prendre soin des utilisateurs et des réseaux de communication
en respectant l’humain et la planète.


Proximité
Vous aider à bien vivre le numérique, c’est vous assurer un service de proximité réactif. En 24/24, 7/7, en 2H, 4H, à J+1, sur toute a France, nos tib’s interviennent sur les infrastructures réseaux et sur les outils numériques des utilisateurs

Centre de services
Dans nos centres de services, les Tib’s configurent vos équipements numériques, assistent vos utilisateurs sur des HelpDesk, surveillent et exploitent vos réseaux dans des centres d’administration et de cyberdéfense ISO27001, stockent et configurent les équipements dans des centres de logistiques, soutiennent vos compétences avec des équipes d’experts du numérique mutualisées et dédiées.
Transformations
Refondre un coeur de réseau, déployer Office 365 , 5000 ipads, des réseaux WDM ou des OLT
 

		
	

	
		
			TIBCO SERVICES
2 Avenue des Hauts grigneux
76420 BIHOREL LES ROUEN
Tel : 06.12.11.98.27
site :https://www.tibco.fr/
Nicolas MABILLE
Email : nmabille@tibco.fr","null","https://www.tibco.fr/","null","null"
"1641921951-219","https://www.normandigital.fr/membres-normandie-reseau-professionnels-numerique/","Normandie-Photo.com                          EN SAVOIR PLUS","https://www.normandigital.fr/membres/normandie-photo-com/","Normandie-Photo.com","background-image:url(https://www.normandigital.fr/wp-content/uploads/LOGO-NP-50-andre-roques-1.jpg);","Quand un métier est une passion, c’est une vocation !
André Roques est un photographe Rouennais aux multiples expériences et il s’intéresse à tout !

Après les années de reportage, la maîtrise de la technologie numérique m’a permis d’intégrer le studio de photographie publicitaire Image dirigé par François Dugué, qui m’a initié aux dernières tendances de la photo culinaire et du reportage industriel.
Aujourd’hui photographe indépendant, je réalise des commandes de portraits en entreprise et d’images publicitaires, des reportages événementiels et sportifs, des illustrations pour le web et l’édition.
En parallèle, j’anime depuis 2001 des modules de formation professionnalisants sur site en entreprise,  centres de formation et collectivités locales .


Formations à l’image numérique
Photographe et Formateur expérimenté, je mets en place depuis 2002 des modules d’initiation et de  perfectionnement adaptés à destination des entreprises, des particuliers et des centres de formation continue.

utilisation d’un APN comme outil professionnel
Gestion et mise en place de banques d’images
Initiation à la retouche numérique
Formation aux logiciels Adobe Photoshop et Lightroom
Solution pour l’équipement et la mise en place d’un studio de prises de vue


		
	

	
		
			NORMANDIE-PHOTO.COM

312 Le bois breton

76160 RONCHEROLLES SUR LE VIVIER
Site :https://normandie-photo.com/a-propos-dandre-roques/

André Roques

Tel : 06.85.58.34.90

andreroques@gmail.com","null","https://normandie-photo.com/a-propos-dandre-roques/","null","null"
"1641922005-238","https://www.normandigital.fr/membres-normandie-reseau-professionnels-numerique/","COAXYS                          EN SAVOIR PLUS","https://www.normandigital.fr/membres/coaxys/","COAXYS","background-image:url(https://www.normandigital.fr/wp-content/uploads/logo-coaxys.jpg);","Spécialisée dans le développement d’applications web, le responsive design, les plateformes natives, l’agence travaille en synergie avec les compétences transversales à son cœur de métier. Expertise et écoute, esprit d’équipe, transparence et partage, engagement et qualité sont les exigences de Coaxys.
Coaxys, ce sont 3 informaticiens expérimentés, passionnés aux parcours différents et à la fois très proches. Nicolas Saillard, Nicolas Giard et Sébastien Pannier se sont retrouvés dans leur envie d’écrire des “success stories”, à savoir la vôtre.
Quels que soient la taille et le domaine de votre projet, leur objectif est de conjuguer le savoir-faire d’une équipe experte avec votre connaissance « Métier », au profit de sa réussite.
Coaxys privilégie les 2 axes indispensables à ce succès :

le métier et les compétences du client vont définir la ligne directrice du projet.
l’expertise et les compétences informatiques suivront et concrétiseront cette ligne.


		
	

	
		
			COAXYS

2 Ter, Rue Georges Charpak

76130 Mont Saint Aignan

Tel : 02 32 91 25 46

Site : www.coaxys.com
Sébastien Pannier

Email : sebastien.pannier@coaxys.com","null","https://www.coaxys.com","null","null"
"1641921942-215","https://www.normandigital.fr/membres-normandie-reseau-professionnels-numerique/","NUMERILEX                          EN SAVOIR PLUS","https://www.normandigital.fr/membres/numerilex/","NUMERILEX","background-image:url(https://www.normandigital.fr/wp-content/uploads/logo-numerilex.jpg);","CABINET D’AVOCAT – DROIT DU NUMERIQUE ET DE LA PROPRIETE INTELLECTUELLE 
Philippe BAZIN 

Spécialiste en droit des nouvelles technologies, de l’informatique et de la communication
Avocat au Barreau de Rouen depuis 1980.
Après avoir exercé en qualité d’avocat associé au sein du cabinet Emo-Avocats http://www.emo-avocats.com    pendant 25 ans, j’exerce à titre individuel depuis le début de l’année 2016, mais désormais exclusivement dans le domaine du numérique et de la propriété intellectuelle.
Mes points forts sont notamment la rédaction de contrats adaptés au monde numérique, et le droit de l’internet.
Je suis très impliqué dans le tissu numérique normand :

Membre du Réseau Normandigital, antenne de Rouen (ce Club regroupe les professionnels du numérique et de la télécommunication sur la région de Rouen).
 Pendant de nombreuses années, j’ai animé au sein de l’association pour le Développement de l’Informatique Juridique  un atelier consacré à la dématérialisation et à la signature électronique (www.adij.fr)
De même, j’ai été agréé par le Conseil National des Barreaux pour former les avocats aux différents outils numériques de la profession : RPVA, OPALEXE (expertise judiciaire en ligne), acte d’avocat électronique, cloud privé des avocats etc…
Je suis très impliqué dans la mise en oeuvre du RGPD, pour laquelle je propose des actions de formation et de conseil.


		
	

	
		
			NUMERILEX

41 rue Raymond Aron

76130 Mont Saint Aignan

Tel : 02 35 59 83 63

Site : www.numerilex.fr
Philippe BAZIN

Email : philippe.bazin@numerilex.fr 

		
	

	
		
			NUMERILEX Cabinet de Rouen
Espace Now Coworking
53bis, Boulevard des Belges

76000 Rouen

Tel : 06.13.17.82.47","null","http://www.emo-avocats.com","null","null"
"1641921964-224","https://www.normandigital.fr/membres-normandie-reseau-professionnels-numerique/","MEDEF Seine Estuaire                          EN SAVOIR PLUS","https://www.normandigital.fr/membres/medef-seine-estuaire/","MEDEF Seine Estuaire","background-image:url(https://www.normandigital.fr/wp-content/uploads/logo-medef-SE.png);","LES MISSIONS DU MEDEF 
Représenter


Le rôle premier du MEDEF est de représenter et faire valoir les intérêts des entreprises. Il est votre « porte-voix ». Plus nous serons nombreux, plus notre voix portera et pèsera, auprès des pouvoirs publics, des collectivités territoriales, des organismes économiques et sociaux, des médias.

Ainsi le MEDEF assure et développe la promotion de l’esprit d’entreprise et l’esprit de réforme.

Au plan national et européen, le MEDEF agit au quotidien auprès du législateur (parlementaires, exécutif & cabinets ministériels) pour l’informer et l’aider à créer un environnement favorable au développement des entreprises. Ce rôle est réellement indispensable, et le Medef est la seule organisation patronale à même de le tenir.

Localement, le MEDEF est présent auprès des élus locaux et des administrations (Dreal, Direccte, …) ; il intervient, vous représente et défend vos intérêts collectifs comme individuels.

Un problème pour payer les charges de l’entreprise auprès de l’URSSAF ? Un litige avec un salarié qui va se terminer aux Prud’Hommes ? Un dossier qui a du mal à aboutir auprès d’un organisme de financement de la formation ? Un arrêt de travail ou un accident du travail mal pris en charge ? Une difficulté en matière d’environnement ? Une demande à appuyer auprès d’une municipalité ?… Le MEDEF peut vous accompagner et vous appuyer.

L’entreprise est aussi représentée au travers des mandataires MEDEF siégeant dans de nombreuses instances locales, départementales, régionales ou nationales. (Cf. page Mandats.)
Servir
Le MEDEF Seine Estuaire rend différents services aux entreprises :

Service juridique en droit social : CIDIS, animé par Anne Liset. Information, appui-conseil, formations
Information économique, notamment locale.
Appui au développement international
Aide à la levée de fonds (Medef Accélérateur d’Investissements)
Emploi – Formation
La GSC (assurance perte d’emploi des dirigeants)
Securex (Contrôle médical patronal des arrêts de travail).

Cf. page Services
Agir en réseau


Rencontre réseaux : Le Medef Seine Estuaire organise régulièrement des rencontres entre chefs d’entreprises, sous différentes formes, et en croisant bien souvent le réseau de ses adhérents avec d’autres réseaux (BNI, Réseau Entreprendre, St Thomas Basket, HAC, et bien d’autres).

Organisations d’événements par les MEDEF de Normandie : Université des Entrepreneurs Normands (UEN), Séminaire des mandataires, …

Implication dans divers dossiers : Le Medef apporte sa contribution pour aider à faire avancer différents dossiers, dont un certain nombre sont liés au développement économique de notre territoire havrais.

		
	

	
		
			MEDEF SEINE-ESTUAIRE

89 Rue Desramé

76620 LE HAVRE

Tel : 02.32.92.50.50
Site :https://medef-seine-estuaire.fr/fr/
Jean-Philippe ELIARD

jpeliard@madenrh.fr","null","https://medef-seine-estuaire.fr/fr/","null","null"
"1641921956-221","https://www.normandigital.fr/membres-normandie-reseau-professionnels-numerique/","MY consulting                          EN SAVOIR PLUS","https://www.normandigital.fr/membres/my-consulting/","MY consulting","background-image:url(https://www.normandigital.fr/wp-content/uploads/logo-myconsulting.jpg);","CONSULTANT IT INTERVENANT EN NORMANDIE ET SUR PARIS
Consultant expérimenté intervenant dans le cadre de ma propre entreprise, j’ai débuté ma carrière dans  l’informatique en 1987. Après deux premières expériences au sein de deux SSII majeures, j’ai évolué vers le monde de la Banque et de la Finance en rejoignant Rabobank International. Mon parcours au sein de cet établissement me permettra d’acquérir une compétence significative sur les métiers de la banque de détail et du financement et de développer une expertise forte sur l’ensemble de la dimension informatique de l’entreprise.
En qualité de Programme Manager, je présente de nombreuses références en matière de gestion du changement de l’environnement informatique au sein d’organisations de dimension internationale dans le secteur bancaire, incluant le déploiement de progiciel bancaire à l’échelle européenne. J’ai également acquis une expérience majeure dans la facilitation des opérations de transformation, dans l’amélioration des processus de l’entreprise, tout en garantissant la maîtrise les coûts. Ma grande connaissance des métiers de la banque me permet d’élaborer des solutions les plus adaptées aux besoins des clients de ce secteur.
Je suis également doté d’une solide expérience dans la gestion d’équipes internationales, multiculturelles et distribuées, en charge des études et des opérations informatiques au service de l’entreprise.

		
	

	
		
			MY CONSULTING

49, côte de Feuquerolles

27700 Les Andelys

Tél : 07.85.56.03.53
Yves Morvan

Email : ymorvan@myconsulting.fr","null","mailto:ymorvan@myconsulting.fr","null","null"
"1641921922-207","https://www.normandigital.fr/membres-normandie-reseau-professionnels-numerique/","STRATINNOV                          EN SAVOIR PLUS","https://www.normandigital.fr/membres/stratinnov/","STRATINNOV","background-image:url(https://www.normandigital.fr/wp-content/uploads/STRATINNOV-1.png);","STRATINNOV – ACCOMPAGNEMENT DES JEUNES ENTREPRISES INNOVANTES







STRATINNOV est un bureau d’études en innovation, partenaire du développement des petites et moyennes entreprises françaises, inscrites dans une dynamique de croissance par l’innovation.

STRATINNOV optimise l’organisation de votre innovation… de l’idée brute jusqu’à sa mise sur le marché !
Acteur Pro-actif de votre succès, nous vous aidons à actionner les leviers utiles et pertinents de chaque phase du process d’innovation pour orienter vos choix tactiques, favoriser la fertilité de vos terrains commerciaux…
Depuis 2010, les experts de STRATINNOV s’attachent à explorer avec ses clients des voies de solutions inédites, aussi performantes qu’inattendues !

Vision périphérique, savoir-faire transversaux et complémentaires, objectivité et intégrité sont les valeurs que nous cultivons pour développer les performances de votre culture de l’innovation et de l’entreprenariat …


		
	

	
		
			STRATINNOV

INNOVAPÔLE – 50 rue Ettore buggati

76800 SAINT ETIENNE DU ROUVRAY

Tel : 09.53.41.44.84
Site : https://www.stratinnov.com/
François LORET

Email :FRANCOIS.LORET@STRATINNOV.COM","null","https://www.stratinnov.com/","null","null"
"1641921946-217","https://www.normandigital.fr/membres-normandie-reseau-professionnels-numerique/","NOVELSTRA                          EN SAVOIR PLUS","https://www.normandigital.fr/membres/novelstra/","NOVELSTRA","background-image:url(https://www.normandigital.fr/wp-content/uploads/Logo-Novelstra.jpg);","Société de Conseil en développement, stratégie et organisation, NOVELSTRA accompagne les entrepreneurs dans les différentes phases de la vie de l’entreprise.
La mission de NOVELSTRA est d’aider les chefs d’entreprises à prendre du recul lors des différentes phases fondamentales de la vie de l’entreprise.

De la création ou reprise, aux différents axes de développement interne ou externe jusqu’à la cession de l’entreprise, la vision externe, objective et neutre de NOVELSTRA  vous permettra de vous confronter à une autre vision.
Nous sommes là pour vous accompagner d’un point de vue pratique dans la réalisation de vos projets en vous aidant à définir la stratégie, les plans d’actions jusqu’à la mise en œuvre au sein de votre entreprise (accompagnement au changement de vos équipes).
Les outils des grandes entreprises adaptés aux PME-PMI.
Découvrez VINCAE, l’outil développé par NOVELSTRA pour mesurer objectivement, valoriser et scorer les actifs immatériels. https://www.novelstra.fr/

		
	

	
		
			NOVELSTRA

120, boulevard Amiral Mouchez

76600 LE HAVRE

Site : https://www.novelstra.fr/
François Xavier GARCIA

Tel : 06 74 70 83 43

francoisgarcia@novelstra.fr","null","https://www.novelstra.fr/","null","null"
"1641922015-242","https://www.normandigital.fr/membres-normandie-reseau-professionnels-numerique/","CCI Normandie                          EN SAVOIR PLUS","https://www.normandigital.fr/membres/cci/","CCI Normandie","background-image:url(https://www.normandigital.fr/wp-content/uploads/cci.jpg);","Des CCI de Normandie à CCI Normandie.
La loi du 23 juillet 2010, précisée par les décrets des 3 août et 1er décembre 2010, a profondément modifié l’organisation du réseau consulaire en France, en renforçant le niveau régional. Ainsi, les CCI de Haute et Basse-Normandie ont engagé une profonde réflexion visant à modifier la carte consulaire : réduire le nombre de CCI territoriales (de 12 à 5) et fusionner les deux CCI de région. En août 2011, un Groupement inter-consulaire (GIC) préfigurant la genèse d’une Chambre de région unique a été créé.
Issue de la fusion des CCI de région Haute et de Basse-Normandie, CCI Normandie a vu le jour le 1er janvier 2016.
Cette démarche fondamentale de rationalisation concrétise l’engagement du réseau des CCI au service de plus de 110 000 entreprises de Normandie et se donne l’ambition des objectifs suivants :

Conforter et amplifier le rôle d’acteur majeur en matière de développement économique et de formation professionnelle,
Contribuer efficacement à l’attractivité nationale et internationale de la Normandie,
Mieux accompagner les besoins actuels et futurs des entreprises dans un environnement économique mondialisé et confronté à d’importants défis,
Donner une cohérence normande à l’accompagnement de grands projets d’aménagement du territoire, d’infrastructures, de promotion de l’Axe Seine et des filières économiques,
Renforcer la proximité, la qualité et l’homogénéité des services d’appui et d’accompagnement des entreprises à toutes les étapes de leur développement,
Mutualiser les moyens et renforcer le maillage territorial pour redéployer les ressources au plus près des besoins des entreprises normandes.

Porte-parole des 5 chambres territoriales, CCI Normandie représente les intérêts des entreprises normandes auprès des pouvoirs publics en région. Elle intervient dans différents domaines : la formation et le développement des compétences, la création, la reprise et la transmission d’entreprise, le développement des entreprises et des territoires, l’international et les affaires européennes. CCI Normandie définit également une stratégie pour l’activité du réseau consulaire en région et assure des fonctions d’appui pour les CCI territoriales.

		
	

	
		
			CCI Normandie

Palais des consuls

76007 Rouen cedex 1

Tel : 02 35 88 44 42

Email : contact@normandie.cci.fr

Site : www.normandie.cci.fr
Frédéric SAFFROY

Email : Frederic.SAFFROY@normandie.cci.fr
Nathalie BANCE

Email : nathalie.bance@normandie.cci.fr

		
	

	
		
			CCI Seine Estuaire

181, quai Frissard – BP 1410

76067 Le Havre Cedex

Tel : 02 35 55 26 00

Site : www.seine-estuaire.cci.fr
Brahim BENNACER

Tel : 02 35 55 26 53

Email : bbennacer@seine-estuaire.cci.fr

		
	

	
		
			CCI Caen Normandie

1 rue René Cassin, Saint Contest

14911 Caen Cedex 9

Tel : 02 31 54 54 90

Site : www.caen.cci.fr
Nicolas BRIGE

Email : nbrige@caen.cci.fr 

		
	

	
		
			CCI Rouen Métropole

10 quai de la Bourse – CS 40641

76007 Rouen cedex 1

Tel : 02 32 100 500

Email : rouenmetropole@normandie.cci.fr

Site : www.rouen-metropole.cci.fr
Michel BASTIEN

Tel : 02 35 14 38 46

Email : michel.bastien@normandie.cci.fr","null","mailto:contact@normandie.cci.fr","null","null"
"1641921934-212","https://www.normandigital.fr/membres-normandie-reseau-professionnels-numerique/","PÔLE ATEN – CMAR Basse-Normandie                          EN SAVOIR PLUS","https://www.normandigital.fr/membres/pole-aten-cmar-basse-normandie/","PÔLE ATEN – CMAR Basse-Normandie","background-image:url(https://www.normandigital.fr/wp-content/uploads/logo-poleaten-1.jpg);","Le Pôle ATEN est labellisé depuis 2006 « Pôle d’Innovation pour l’Artisanat *», spécialisé dans l’innovation par les technologies numériques.
C’est aujourd’hui un service de la Chambre de Métiers et de l’Artisanat Interdépartementale Calvados-Orne.
Son activité se décline autour de plusieurs axes
Appropriation des usages innovants des technologies numériques par les entreprises artisanales et les TPE :

Veille et diffusion de l’information sur les nouvelles technologies numériques et leurs applications qui auront des impacts dans les entreprises artisanales
Organisation d’ateliers et rencontres techniques autour des technologies numériques (impression 3D, logiciels CAO, DAO, 2D, 3D, les cartes à tout faire -Arduino, Raspberry PI-, les objets connectés…)

Accompagnement et assistance techniques des entreprises innovantes.
Promotion des intérêts des entreprises artisanales et des TPE :

Participation aux travaux de normalisation sur le management de l’innovation.
Le Pôle ATEN est le seul représentant du secteur des métiers et de l’Artisanat sur le territoire français présent dans ces travaux qui sont relayés au niveau européen. Il est mandaté, à ce titre, par l’APCMA.

Le Pôle ATEN s’attache par ailleurs à développer de nombreux partenariats techniques afin de mieux répondre aux besoins des entreprises.
Le Pôle ATEN a aussi la particularité de monter ou de participer à des projets européens dans le cadre des programmes Interreg.
Enfin, le Pôle ATEN a intégré la résidence de projets du Dôme en octobre 2015. Il s’agit d’un centre de sciences de nouvelle génération, inédit par sa dimension « LivingLab/FabLab » qui met la participation active des publics au cœur de la démarche culturelle. Ce lieu propose une programmation culturelle originale qui s’appuie principalement sur les nouveaux outils et usages liés au numérique. Il intègre diverses collaborations (collectivités, établissements de recherche, organismes économiques, pôles de compétitivité, acteurs culturels, entreprises créatives numériques, associations, services publics, etc.).
Le Pôle ATEN peut ainsi y accueillir toute entreprise artisanale ayant un projet innovant, souhaitant prototyper un produit ou être accompagnée dans sa démarche.

		
	

	
		
			PÔLE ATEN – CMAR Basse-Normandie

2 rue Claude Bloch

14000 Caen

Tel : 02 31 95 92 92

Site : www.pole-aten.fr
Christine GUILLOUET

Email : cguillouet@pole-aten.fr","null","http://bn.europe-en-normandie.eu/index.php/programmes-europeens/programmesinterreg","null","null"
"1641921954-220","https://www.normandigital.fr/membres-normandie-reseau-professionnels-numerique/","MY DIGITAL SCHOOL                          EN SAVOIR PLUS","https://www.normandigital.fr/membres/my-digital-school/","MY DIGITAL SCHOOL","background-image:url(https://www.normandigital.fr/wp-content/uploads/MY-DIGITAL-SCHOOL-LOGO.png);","L’ÉCOLE DU WEB POUR TOUS
MyDigitalSchool est une école web ouverte à toutes et à tous, aux initiés comme aux débutants et se donne pour objectif d’ouvrir le monde du digital à tous les talents.
Sans profilage, ni prérequis, la pédagogie de l’école vise à former les étudiants et étudiantes à la maîtrise technique du web tout en leur garantissant une ouverture d’esprit sur les environnements et métiers liés à cet univers : e-commerce, communication, marketing, éditorial. Elle valorise les compétences de logique et clarté de raisonnement, comme de créativité, d’intuition et de maîtrise des langues.
Dès la première année d’études, notre école plonge les étudiants dans le monde passionnant du multimédia et des nouvelles technologies grâce à un programme progressif en 5 ans leur permettant de faire l’acquisition des compétences créatives, stratégiques, techniques et web fondamentales, complétées par un socle de compétences transversales nécessaires pour évoluer dans une entreprise.
DES FORMATIONS CERTIFIÉES PAR L’ÉTAT
L’ensemble des formations dispensées par MyDigitalSchool sont Certifiées par l’État et inscrites au répertoire de la Commission Nationale de la Certification Professionnelle, placée sous l’autorité du Ministère du Travail et de la Formation Professionnelle.

		
	

	
		
			AFTEC -My DigitalSchool

13 rue Martin Luther King

14280 SAINT CONTEST

Tel : 02.61.52.40.29
site : http://mydigitalschool.com
Erminio PORCU

Email : erminio.porcu@mydigitalschool.com","null","https://www.mydigitalschool.com/","null","null"
"1641922027-247","https://www.normandigital.fr/membres-normandie-reseau-professionnels-numerique/","ADEN FORMATIONS                          EN SAVOIR PLUS","https://www.normandigital.fr/membres/aden-formations/","ADEN FORMATIONS","background-image:url(https://www.normandigital.fr/wp-content/uploads/LOGO-ADEN-FORMATIONS.png);","ADEN FORMATIONS, un nouveau groupe régional de formation
3 organismes de formation (Groupe AIFCC, Groupe ISF, CCI&Caux), 4 centres de formation des apprentis (IRSAP, ICEP-CFA, ECD-CFA, CFA IFA), 1 école (école portuaire – ETPPFP) allient leurs compétences et leurs forces pour ne former plus qu’un à partir du 1er janvier 2020 sur dix sites géographiques.
Ecrivons ensemble votre avenir
Le Groupe ADEN Formations est issu du regroupement des structures de formation de trois CCI Normandes, qui depuis plus de 40 ans, sont les acteurs majeurs de la formation initiale et professionnelle sur leur territoire respectif.
ADEN Formations, véritable référence en Normandie avec un rayonnement national, défend l’accès à la formation de qualité et innovante pour tous.
Intervenant sur tous les champs de la formation dans de nombreux domaines d’activités, le groupe bénéficie d’une implantation territoriale unique et d’une expérience riche fondée sur le respect de chacun et sur l’écoute de tous.
ADEN Formations est un partenaire de confiance à la fois pour les entreprises, les salariés et pour toute personne à la recherche d’une formation.
Rompues aux exigences de notre environnement économique et social, en perpétuelle recherche d’amélioration de nos savoirs et de nos méthodes d’apprentissage, nos équipes pédagogiques et administratives sauront répondre à vos sollicitations et vous accompagner dans tous vos projets.


		
	

	
		
			ADEN FORMATIONS

CHCI – Centre Havrais de Commerce International
182 Quai Georges V

76600 Le Havre

Tel : 02 32 79 50 94

Site : https://aden-formations.fr/nos-campus/nos-campus-le-havre/
Pascal COQUIN

Tel : 02 32 79 50 90

pcoquin@ccicaux-formation.com","null","https://aden-formations.fr/nos-campus/nos-campus-le-havre/","null","null"
"1641921988-231","https://www.normandigital.fr/membres-normandie-reseau-professionnels-numerique/","FTEL Informatique                          EN SAVOIR PLUS","https://www.normandigital.fr/membres/ftel/","FTEL Informatique","background-image:url(https://www.normandigital.fr/wp-content/uploads/Logo-FTEL-1.png);","FTEL Informatique partenaire dans la réussite de vos projets digitaux.
#Humain
Une histoire d’hommes et de femmes, l’identité de FTEL est forgée par les membres de son équipe.
 
#Engagé
Partenaire engagé pour la réussite de votre projet, nous ne vendons pas de la technique, mais du résultat.
 
#Transparent
Nos clients sont informés et impliqués pendant l’ensemble des étapes de leurs projets – de A à Z.
 
#Passionné
Nos collaborateurs sont tous des geeks chevronnés. Vous pouvez avoir confiance en leur expertise.
 
FTEL est une agence web, spécialiste des solutions Microsoft. Nous développons des outils numériques sur-mesure et nous prenons à cœur notre responsabilité d’entreprise en respectant l’environnement.


 
 

		
	

	
		
			FTEL Informatique
6 quai du Havre
76000 ROUEN
site :https://www.ftel.fr/expertises
Tel : 02.35.07.16.76
Alexandre GAUTIER
agautier@ftel.fr","FTEL est une agence web, spécialiste des solutions Microsoft. Nous développons des outils numériques sur-mesure et nous prenons à cœur notre responsabilité d’entreprise en respectant l’environnement.","https://www.ftel.fr/expertises","null",""
"1641921915-204","https://www.normandigital.fr/membres-normandie-reseau-professionnels-numerique/","VAKOM                          EN SAVOIR PLUS","https://www.normandigital.fr/membres/vakom/","VAKOM","background-image:url(https://www.normandigital.fr/wp-content/uploads/VAKOM.png);","VAKOM, Conseil en Ressources et Relations Humaines

LEUR AMBITION : Libérer LE SENS DE L’HUMAIN

Libérer le Sens de l’Humain dans les entreprises et dans les organisations au service du bien-être et de la performance durable


Développer des réseaux nationaux et internationaux au service du Sens de l’Humain


Etre précurseur de méthodes et outils simples et innovants favorisant l’engagement humain


Faire émerger, faire progresser la part d’humanité de chaque individu dans  les organisations de demain

Nous avons l’ambition de développer un réseau VAKOM

A. P. P. A. R. E.S.




 
Il nous semble important d’afficher nos VALEURS afin de les faire vivre dans la mémoire collective
 

 
 
Audace

Sortir de notre confort connu pour innover, entreprendre, s’engager avec optimisme
Plaisir

Conserver notre soif d’entreprendre, notre curiosité, notre joie de vivre et notre envie de grandir
Professionnalisme

Recherchons l’efficacité individuelle et collective en performance durable
Agilité

S’adapter à notre environnement par notre proximité, notre flexibilité, notre humanité, notre simplicité pour mieux saisir les opportunités
Respect

Avoir une lucidité sur soi-même afin de renforcer notre confiance collective
Esprit d’équipe

Cultiver nos différences avec bienveillance pour valoriser notre cohésion avec équité
Simplicité

Être simple dans nos relations, dans nos prestations, dans notre organisation pour être accessible à tous
 

Il nous semble encore plus important d’avoir les ATTITUDES et les COMPORTEMENTS qui vont faire vivre ces valeurs…



 


Chez VAKOM nous faisons

vivre nos valeurs « APPARES » avec des comportements 4G

 
 
Gentillesse

Etre en confiance pour partager cette confiance et se rendre accessible

Porter attention aux autres, mieux les découvrir pour mieux les reconnaître
Sourire pour créer un état positif dans la relation

Gratitude

Reconnaître et développer l’optimisme autour de nous

Dire MERCI et BRAVO avec authenticité
Accepter les MERCI, BRAVO avec confiance

Générosité

Donner sans attendre de retour et sans avoir besoin de le signaler

Avoir un regard positif pour encourager et non juger
Ecouter avec bienveillance sans se précipiter à vouloir tout comprendre et tout contrôler

Grandir

Grandir et faire grandir autour de nous pour plus de bien-être et de performance

Apprendre des autres avec humilité
Apprendre aux autres avec passion et ambition







A ce jour, le réseau VAKOM compte 39 implantations

Membre du réseau #Normandigital antenne de Rouen




		
	

	
		
			VAKOM

38 rue Bouquet

76000 ROUEN

Tel : 06.15.44.84.95

Site : https://www.vakom.fr/l-equipe/le-sens-de-lhumain/
Guillaume LAINE

Email : glaine@vakom.fr","Simplicité

Être simple dans nos relations, dans nos prestations, dans notre organisation pour être accessible à tous","http://www.vakom.fr/wp-content/uploads/2015/08/2017-Valeurs-APPARES-VAKOM1.jpg","null",""
"1641921925-208","https://www.normandigital.fr/membres-normandie-reseau-professionnels-numerique/","SKY in BLU                          EN SAVOIR PLUS","https://www.normandigital.fr/membres/sky-in-blu/","SKY in BLU","background-image:url(https://www.normandigital.fr/wp-content/uploads/logo-sky-in-blue.jpg);","SkyinBlu est une société de conseil et de prestations informatiques qui accompagne les entreprises dans la transformation Digitale et son département Consulting est spécialisé dans le Data Management, le Cloud Computing et la sécurité Informatique. Grâce à son expertise des nouvelles technologies et à la connaissance des activités de ses clients, elle conçoit et met en place des solutions innovantes pour aider ces derniers à gagner en efficacité et rentabilité.
Notre consultant intervient en tant que conseil et propose des prestations d’audit de SI, de formation ou de rédaction de cahier des charges
 
SKYinBLU
177 boulevard de l’Yser
76000 Rouen
Tel : 06.75.62.66.23
 
Site : www.bluteams.fr
 
Philippe DECAUX
Email : pdecaux@bluteams.fr","Site : www.bluteams.fr","null","null",""
"1641922010-240","https://www.normandigital.fr/membres-normandie-reseau-professionnels-numerique/","CHEOPS TECHNOLOGY                          EN SAVOIR PLUS","https://www.cheops.fr/fr","Des données sensibles ? Besoin d'un cloud privé ?","null","null","null","/fr/agences","null","null"
"1641921966-225","https://www.normandigital.fr/membres-normandie-reseau-professionnels-numerique/","MANIKA (ex ATEXIO)                          EN SAVOIR PLUS","https://www.manika-consulting.com/","L’engagement par nature","null","null","null","https://www.google.fr/maps/place/ATEXIO/@48.882703,2.2660526,17z/data=!3m1!4b1!4m5!3m4!1s0x47e665c2616894d1:0xe5b5d0710126aa07!8m2!3d48.882703!4d2.2682413","null","null"
"1641921920-206","https://www.normandigital.fr/membres-normandie-reseau-professionnels-numerique/","SUPINFO                          EN SAVOIR PLUS","https://www.normandigital.fr/membres/supinfo/","SUPINFO","background-image:url(https://www.normandigital.fr/wp-content/uploads/logo-SupInfo.png);","SUPINFO International University
A l’origine de SUPINFO International University il y a L’Ecole Supérieure d’Informatique de Paris (ESI), établissement d’enseignement supérieur privé fondé en France en 1965. Après un développement important en France (l’école est devenue leader dans son domaine), l’ESI, également connue sous le nom de SUPINFO, a entamé une croissance à l’international et a ouvert notamment des campus en Chine, au Royaume-Uni ou encore au Canada, en Belgique, en Italie et au Maroc.
Après la création de son premier campus aux USA à San Francisco, SUPINFO a adopté une nouvelle structure juridique internationale et est devenu “SUPINFO International University” au sein de laquelle l’Ecole d’informatique originelle a naturellement toute sa place.
L’école Supérieure d’Informatique, désormais appelée “SUPINFO Institute of Information Technology” est désormais une division de SUPINFO International University.

		
	

	
		
			SUPINFO

10 rue Alfred Kastler

14000 Caen

Tel : 01 53 35 97 00

Site : www.supinfo.com
Muriel BLIN DELAMARE
Campus Manager Caen

Email : Muriel.BLINDELAMARE@supinfo.com","null","https://www.supinfo.com","null","null"
"1641921971-227","https://www.normandigital.fr/membres-normandie-reseau-professionnels-numerique/","LE HAVRE SEINE DEVELOPPEMENT                          EN SAVOIR PLUS","https://www.normandigital.fr/membres/havre-seine-developpement/","LE HAVRE SEINE DEVELOPPEMENT","background-image:url(https://www.normandigital.fr/wp-content/uploads/LHSD-LOGO.jpg);","AGENCE DE DEVELOPPEMENT ECONOMIQUE De la METROPOLE du HAVRE

Agence de développement économique de la région havraise, Le Havre Seine Développement prospecte, conseille et accompagne les entreprises – TPE, PME/PMI et groupes, hors commerce de détail  – dans leur projet d’implantation, d’investissement ou de développement au Havre et dans sa région (intercommunalités du Havre et de Fécamp).
Créé en 1996 à l’initiative des acteurs institutionnels et économiques du territoire, Le Havre Seine Développement – association loi 1901 – participe en collaboration avec ses partenaires à la mise en œuvre de la stratégie de développement économique du territoire.
Nous simplifions et accélérons vos démarches

au Havre et dans sa région pour :
Vous implanter, développer votre activité
Trouver des locaux ou un terrain
Connaître l’environnement économique et étudier les opportunités de business
Faciliter vos recrutements et/ou accueillir vos salariés
Simplifier vos démarches administratives
Rechercher des financements


		
	

	
		
			LE HAVRE SEINE DEVELOPPEMENT

30, rue Richelieu

76085 Le Havre

Tel : 02.76.40.23.26

Site : https://www.lehavreseinedeveloppement.com/fr
Héléne MIQUET

h.miquet@lehavreseinedev.com","null","https://www.lehavreseinedeveloppement.com/fr/simplanter-se-developper/votre-projet","null","null"
"1641922000-236","https://www.normandigital.fr/membres-normandie-reseau-professionnels-numerique/","Equideclic                          EN SAVOIR PLUS","https://www.normandigital.fr/membres/equideclic/","Equideclic","background-image:url(https://www.normandigital.fr/wp-content/uploads/equideclic.jpg);","Equideclic est une agence de communication située à Caen, en Basse-Normandie. Une équipe de huit salariés expérimentés travaillent ensemble pour vous proposer un large choix d’outils informatiques et de communication permettant d’optimiser votre gestion commerciale et votre communication d’entreprise.
Nos dix années d’expérience au sein de la filière équine nous permettent de mettre à votre disposition des solutions ayant déjà fait leurs preuves, performantes et adaptées à vos besoins : sites internet, référencement, logiciels de gestion commerciale, de gestion d’élevage, créations graphiques, conseil en stratégie numérique … Equideclic possède une offre de services très complète conçue dans le but de vous offrir des outils pertinents pour faire connaître votre entreprise, augmenter vos ventes et fidéliser votre clientèle !
Equideclic est capable de répondre à tout type de demande. Un projet ? Une idée ? Nous travaillons en collaboration vous afin de vous offrir des outils spécifiquement adaptés à vos besoins et rapidement opérationnelles.
Que vous soyez demain la référence sur laquelle nous pourrons nous appuyer pour convaincre nos futurs clients.

		
	

	
		
			EQUIDECLIC

60 rue de l’Ormelet

14790 Mouen

Tel : 02 31 85 59 61

Site : www.equideclic.com
Bertrand POIRIER

Email : b.poirier@equideclic.fr","null","https://www.equideclic.com/","null","null"
"1641922025-246","https://www.normandigital.fr/membres-normandie-reseau-professionnels-numerique/","ADMI                          EN SAVOIR PLUS","https://www.normandigital.fr/membres/admi/","ADMI","background-image:url(https://www.normandigital.fr/wp-content/uploads/logo-admifrance.jpg);","ADMI, votre partenaire informatique depuis 20 ans !
ADMI est une société de services en solutions et ingénierie informatique (SSII) implantée en Normandie depuis 1996. 
Notre principale motivation ? La satisfaction client ! Pour y parvenir, nous pouvons nous appuyer sur 20 ans d’expérience et un savoir-faire reconnu. D’abord au niveau régional : Le Havre, Rouen, Caen et toute la Normandie. Son positionnement référent auprès des entreprises, des collectivités et des associations lui a permis d’asseoir également son développement sur l’ensemble du territoire national. A partir de 4 implantations réparties sur le territoire, ADMI intervient aujourd’hui partout en France et au Luxembourg.
ADMI compte plus de 350 clients actifs représentant près de 5000 utilisateurs quotidiens soit près de 500 serveurs supervisés en temps réel. L’équipe ADMI est dotée de plus de 25 certifications techniques en matière de solutions de système d’information complexes. ADMI, c’est un prestataire informatique qui  assure près de 45 interventions par jour à distance et sur site soit 900 interventions par mois.
Nos domaines d’intervention :

Gestion de projet informatique,
Assistance & Maintenance,
Cloud Computing.


		
	

	
		
			ADMI

Parc de l’Estuaire, avenue du Camp Dolent

76700 Gonfreville l’Orcher

Tel : 02 35 24 76 42

Email : contact@admifrance.fr

Site : www.admifrance.fr
 Jérémie POUTREL

Email : jeremie.poutrel@admifrance.fr","null","mailto:contact@admifrance.fr","null","null"
"1641921995-234","https://www.normandigital.fr/membres-normandie-reseau-professionnels-numerique/","EXPERIS FRANCE                          EN SAVOIR PLUS","https://www.normandigital.fr/membres/experis-france/","EXPERIS FRANCE","background-image:url(https://www.normandigital.fr/wp-content/uploads/LOGO-EXPERIS.png);","EXPERIS France, Talents&Solutions IT
 L’expertise d’EXPERIS FRANCE :
C’est un acteur innovant bien connu sur le marché des services numériques, qui propose des solutions qui couvrent 100 % de la chaîne de valeur de l’expérience utilisateur. Pour accompagner les entreprises dans leurs projets de transformation digitale, leur force principale réside dans ses équipes, soigneusement sélectionnées et formées pour fournir chaque jour un service de qualité.

EXPERIS ex PROSERVIA Field Services fait partie du Manpower Group.
Les points forts de EXPERIS France :

Une entreprise mondiale, spécialiste de la transformation numérique proposant des solutions sur mesure
Un partenaire agile aux axes d’intervention multiples :

mise à disposition de talents spécialisés dans l’IT
consulting IT, Project & Managed Services


Des modèles de mise en oeuvre flexibles et adaptatifs
Une méthodologie et une structure éprouvée

EXPERIS dans la Région Grand Ouest  :

9 agences commerciales,
5 centres de services 24/7/365,
Infrastructures management à Niort,
End-User Support à Rennes et à Cherbourg,
Telecom : Nantes et Lannion,
1 100 collaborateurs.



Leurs 3 valeurs essentielles :






L’HUMAIN : Ils attachent de l’importance aux personnes et à la place qu’occupe le travail dans leur vie.
L’EXPERTISE : Ils investissent dans l’acquisition de connaissances afin d’anticiper les tendances et faire preuve de réactivité face aux changements.
L’INNOVATION : Ils osent innover, inventer et évoluer. Ils redéfinissent constamment le statu quo et ils s’imposent le défi de créer des solutions nouvelles pour accompagner leurs clients.



Leur offre en 4 pôles :






LE SUPPORT UTILISATEURS : service desk, support de proximité /VIP, Ingéniérie postes de travail, transformation numérique, knowledge management, incident management, marketin DSI.
LE PÔLE TECHNOLOGIQUE : service management /ITSM, infrastructure management, développement, architecture et intégration, expertise technologique en solution DevOps.
LE SUPPORT ITINERANT (FIELD) : techniciens itinérants, usine numérique, tour de contrôle (logistique)
LES TELECOMS : BPO, tests & validation, réseaux télécom, pilotage, production, support métiers, gouvernance de projet, R&D.




 
Membre du réseau #Normandigital antenne du Havre




		
	

	
		
			EXPERIS FRANCE

120 avenue Amiral Mouchez

76600 LE HAVRE

Tel : 06 37 29 50 80

Site : https://experisfrance.fr/
Franck BOCAGE

Email : franck.bocage@experisfrance.fr","null","null","null","null"
"1641922022-245","https://www.normandigital.fr/membres-normandie-reseau-professionnels-numerique/","AMETHYSTE                          EN SAVOIR PLUS","https://www.normandigital.fr/membres/amethyste/","AMETHYSTE","background-image:url(https://www.normandigital.fr/wp-content/uploads/logo-Amethyste.png);","AMETHYSTE développe des solutions digitales pour la gestion de l’intégrité et la performance des actifs industriels (Asset Integrity Management).
Cette société maintenant basée sur la Normandie est un expert du pilotage par la maîtrise des risques. 100% made in France !!

30 ans en solutions informatiques
20 ans de développement de logiciels
Expert reconnu dans la prévention des risques
Une équipe coeur de métier pilier de l’entreprise qui s’appuie sur son réseau de partenaires technologique et métier pour garantir souplesse et réactivité sur des projets ambitieux
Un process agile pour inventer les solutions de qualité adaptées aux besoins clients de demain

Leurs atouts :
L’Intelligence Artificielle embarquées dans nos plateformes permet une approche proactive basée sur le risque (RBI et RCM) afin d’optimiser des stratégies d’inspection et de maintenance pertinentes sur le long terme.
Que ce soit dès les phases de design ou pour les actifs vieillissants nos solutions permettent de prolonger la durée de vie des actifs industriels. Tout en assurant un niveau de sécurité et un niveau de disponibilité optimums pour la production.
L’IA embarquée et la connexion avec les IoTs permettent de coupler les approches probabilistes et les conditions de process en temps réel.
Cette approche constitue un élément clé pour l’optimisation de la disponibilité, de l’efficacité et de la pérennité des actifs.
Le déploiement s’effectue en quelques heures sur site ou dans le Cloud sous licence en mode abonnement ou classique.
La courbe d’apprentissage est rapide grâce à une interface intuitive, le multilinguisme et la fonction multi-unité de mesure en font une solution 100% internationale avec un développement in house 100% made in France.
Leurs partenaires et références :

AVEVA
ISQ
SGS
EMC
SOFRESID Engineering
TUR Rheinland
TECHNIPFMC
DIETSMANN
SPIE
APAVE

Une expérience éprouvée et reconnue

dans 27 pays
sur plus de 140 projetss
l’export représentant 40% de leur CA

Membre du réseau #Normandigital antenne du Havre

		
	

	
		
			AMETHYSTE
1, Chemin des Frémonts
14360 TROUVILLE SUR MER
site :www.amethyste.fr
 
Tel :  +33 6 07 79 79 89
Agnès GAILLARD
agnes.gaillard@amethyste.fr","null","http://www.amethyste.fr","null","null"
"1641922013-241","https://www.normandigital.fr/membres-normandie-reseau-professionnels-numerique/","CESI                          EN SAVOIR PLUS","https://www.normandigital.fr/membres/cesi/","CESI","background-image:url(https://www.normandigital.fr/wp-content/uploads/CESI-logo.png);","Réseau de campus d’enseignement supérieur et de formation professionnelle, CESI est implanté sur 25 sites en France et 3 à l’international.
Du fait de sa proximité avec les entreprises, CESI répond à leurs besoins de compétences. Pionner dans les méthodes de pédagogie active et tourné vers l’innovation, CESI prépare aux métiers de demain en partenariat avec le monde académique, institutionnel et économique.
Sur son campus de Rouen, CESI développe ses activités dans le cadre de son école d’ingénieurs (CESI École d’ingénieurs), de son école supérieure de l’alternance (CESI École supérieure de l’alternance) et de son école de formation des managers (CESI École de formation des managers).
A Caen, CESI – via son École supérieure de l’alternance – propose actuellement trois formations en alternance dans les domaines de l’Informatique & Numérique, de la Performance Industrielle et de la Qualité Sécurité Environnement.
Par ailleurs, CESI École d’Ingénieurs ouvre à la rentrée 2019 à Caen un cycle préparatoire intégré puis un cycle ingénieur spécialité informatique.

		
	

	
		
			CESI Rouen

1, rue Marconi – CS 30285

76137 Mont Saint Aignan cedex

Tel : 02 35 59 50 84
 
Site : www.cesi.fr

		
	

	
		
			CESI Caen

1, rue Pierre et Marie Curie

14610 EPRON

Tel : 02.31.46.23.11
Florence ROBERT

Email : frobert@cesi.fr","null","http://www.cesi.fr/","null","null"
"1641922018-243","https://www.normandigital.fr/membres-normandie-reseau-professionnels-numerique/","AXIANS                          EN SAVOIR PLUS","https://www.normandigital.fr/membres/axians/","AXIANS","background-image:url(https://www.normandigital.fr/wp-content/uploads/logo-axians.jpg);","Axians est la marque de VINCI Energies dédiée aux solutions ICT
Dans un monde toujours plus connecté et collaboratif, Axians contribue à la performance de votre entreprise. Nous comprenons les enjeux des technologies de l’information et des communications pour votre activité et nous adaptons nos solutions à vos besoins.
Axians propose des solutions efficaces, innovantes, évolutives et durables.
Des solutions de premier rang pour doper l’efficacité et les performances
Axians apporte à tous ses clients, qu’il s’agisse d’entreprises, d’administrations, de fournisseurs de services ou d’opérateurs télécoms, une gamme de solutions pour concevoir, déployer et gérer leurs infrastructures réseaux. Ces solutions associent logiciels, matériels et services personnalisés aux spécificités de différents marchés.
Axians saisit parfaitement les implications des Technologies de l’Information et de Communication pour le grand public comme pour les entreprises. Il devient dès lors nécessaire de concevoir des solutions spécifiques à chaque secteur d’activité, qu’il s’agisse des soins de santé ou du transport par exemple. C’est à ce titre qu’Axians relève les défis majeurs qui pèsent sur les différents pans de notre société actuelle.
Nos solutions
Nos solutions sont hybrides : elles se déploient sur site ou sont fournies selon un modèle SaaS “Solution as a Service”. Nous concrétisons cette flexibilité en investissant dans nos équipes remarquables, dont le talent permet de concevoir des offres exhaustives et innovantes.
Nous répondons ainsi présent à chaque étape des projets de nos clients, avec la volonté de les aider à atteindre leurs objectifs et optimiser leurs performances.

		
	

	
		
			AXIANS

rue des magasins généraux

76600 Le Havre

Tel : 02 35 53 80 90

Site : www.axians.fr
Bruno MARTEL

bmartel@axians.com

		
	

	
		
			AXIANS

6, rue Alfred Nobel BP 11

14123 Ifs

Tel : 02 31 35 30 12

Site : www.axians.fr
Serge PERIER

serge.perier@axians.com

		
	

	
		
			AXIANS

595 Avenue Isaac Newton

76801 St Etienne du Rouvray Cedex

Tel : 02 32 66 30 30

Site : www.axians.fr
Serge PERIER

serge.perier@axians.com","null","http://www.axians.fr","null","null"
"1641922034-248","https://www.normandigital.fr/membres-normandie-reseau-professionnels-numerique/","3D60                          EN SAVOIR PLUS","https://3d60.fr/","Une nouvelle façon d’interagir avec vos clients","null","null","null","/visite-virtuelle","null","null"
"1641921927-209","https://www.normandigital.fr/membres-normandie-reseau-professionnels-numerique/","SII                          EN SAVOIR PLUS","https://www.normandigital.fr/membres/sii/","SII","background-image:url(https://www.normandigital.fr/wp-content/uploads/SII_logo.jpg);","Le Groupe SII, société de conseil informatique, renforce chaque jour son positionnement de ‘Partenaire Technologique’ et accompagne ses clients dans cette innovation permanente.
Nos 4 axes :

Accompagner nos clients sur le plan géographique.
Accompagner nos clients sur le plan technologique.
Investir dans la méthodologie et créer de l’expertise.
Inscrire durablement le groupe SII dans son environnement sociétal par une politique sociale

 
SII
4 rue Linus Carl Pauling
76130 Mont Saint Aignan
 
Site : http://www.groupe-sii.com/fr
 
Bruno MARIE
bruno.marie@sii.fr","","null","Bruno MARIE","Bruno MARIE"
"1641922008-239","https://www.normandigital.fr/membres-normandie-reseau-professionnels-numerique/","CIRCOé                          EN SAVOIR PLUS","https://www.normandigital.fr/membres/critt/","CIRCOé","background-image:url(https://www.normandigital.fr/wp-content/uploads/logo-circoé-1.png);","Depuis le 28 juin 2019, CRITT Transport et Logistique est devenu CIRCOé.
Leur nom change mais pas leur philosophie ni leurs valeurs. Pour mieux les connaitre  ⇒ https://youtu.be/UJZtzeUCAf0

Avec ce nouveau nom, nous avons voulu affirmer notre dynamisme et notre démarche continuelle vers l’innovation en logistique mais aussi notre singularité.








Développer votre performance logistique, intégrer les dernières technologies, innover afin d’apporter de nouveaux services à vos clients…

LEURS RACINES
Depuis 1993, Circoe (anciennement CRITT T&L) développe la performance logistique et l’innovation de ses clients. Circoe s’est doté de méthodologies et d’outils permettant de répondre de la façon la plus pertinente à vos besoins, tant sur des phases amont de diagnostic et d’analyse stratégique que sur des phases opératoires (simulation 3D, pilotage de projet…).









Circoe est l’émanation d’acteurs importants du territoire normand (CCI, Ports, Universités, communautés d’agglomération) et fédère un réseau de partenaires reconnus et compétents pour la logistique tels que Logistique Seine-Normandie, Nov@log, ADNormandie, IDIT…




		
	

	
		
			CIRCOé

32 rue Jules Lecesne

76600 LE HAVRE

Tel : 02 76 40 80 00

Site : https://www.circoe.com/services/
Robin POTE

robin.pote@critt-tl.fr,

Marie-Lucie HAUCHECORNE

marie-lucie.hauchecorne@critt-tl.fr","null","https://www.circoe.com/services/","null","null"
"1641921939-214","https://www.normandigital.fr/membres-normandie-reseau-professionnels-numerique/","ORANGE                          EN SAVOIR PLUS","https://www.normandigital.fr/membres/orange/","ORANGE","background-image:url(https://www.normandigital.fr/wp-content/uploads/orange-logo.png);","ORANGE SPECIALISTE DES TELECOMMUNICATIONS
PRODUITS
Que vous soyez une PME, une ETI, une grande entreprise ou une multinationale, nous mettons à votre disposition des solutions digitales adaptées à vos besoins pour vous aider à développer vos activités. Découvrez-les.
SOLUTIONS
Cloud, connectivité enrichie, Consulting, Cyberdéfense, Data intelligence, Développement, Espaces collaboratifs, Innovation, Internet des objets, Mobile workplace, Relation client enrichie, Mobilité, Service…

		
	

	
		
			ORANGE

17-25 Avenue de la Libération

76100 ROUEN

Tel : 02 35 35 80 97

Site : www.orange-business.com
Pierre LONGOU

Pierre.longou@orange.com

		
	

	
		
			ORANGE
76600 LE HAVRE

Tel : 02 35 35 80 44

Site : www.orange-business.com
Laurent WAGNIER

laurent.wagnez@orange.com

		
	

	
		
			ORANGE

7, rue de Strasbourg

14000 CAEN

Tel :

Site : www.orange-business.com
Christophe HARDEL

christophe.hardel@orange.com","null","https://www.orange-business.com","null","null"
"1641921961-223","https://www.normandigital.fr/membres-normandie-reseau-professionnels-numerique/","MOMENTTECH                          EN SAVOIR PLUS","https://www.normandigital.fr/membres/momenttech/","MOMENTTECH","background-image:url(https://www.normandigital.fr/wp-content/uploads/Momenttech_GRIS_orange.png);","Société éditrice de logiciels spécialisés dans l’intelligence artificielle et la téléphonie d’entreprise.

IA : Grâce aux avantages de l’Open source et d’un hardware spécialisé, l’IA Parc*(plateforme multi-modules dédiée à l’IA) permet d’adapter des solutions – catalogue ou sur-mesure – à différentes problématiques : Traitement de l’image, de la voix et du langage naturel.
Téléphonie d’entreprise : une solution de téléphonie VoIP en marque blanche proposée aux opérateurs alternatifs. Complète et personnalisable, elle fournit des services IP Centrex et SIP trunk.


		
	

	
		
			MomentTech
Zone d’activité Unicité

 14 Rue Alfred Kastler

 14000 Caen (FRANCE)

Tel 09.70.26.78.20 /06.76.48.94.99
https://mmtt.fr/
Philippe BOURSIN
philippe.boursin@mmtt.fr","null","https://mmtt.fr/","null","null"
